Review,Sentiment
"Perfect phone for my needs, absolutely outstanding.",positive
Terrible laptop! The quality is useless.,negative
"I would never buy this laptop again, it is worst.",negative
"The watch is awesome, I use it every day.",positive
"Top quality watch, genuinely perfect experience.",positive
"This laptop is wonderful, my friends all want one.",positive
"This laptop exceeded my expectations, truly awesome.",positive
"I would buy this laptop again, it is amazing.",positive
"This headphones is excellent, my friends all want one.",positive
"This headphones is excellent, my friends all want one.",positive
"This headphones exceeded my expectations, truly brilliant.",positive
The watch looks amazing and performs even better.,positive
"I would buy this laptop again, it is wonderful.",positive
"The watch is brilliant, I use it every day.",positive
"I am disappointed, the watch is bad and slow.",negative
"Awful laptop, delivery was late and it is useless.",negative
"This watch is brilliant, five stars from me.",positive
The battery and screen of this phone are awful.,negative
"Top quality watch, genuinely awesome experience.",positive
"Fantastic phone, delivery was fast and it is amazing.",positive
"This headphones is amazing, best purchase ever.",positive
"The laptop is terrible, I regret buying it.",negative
"Fantastic laptop, delivery was fast and it is great.",positive
"This headphones is fantastic, my friends all want one.",positive
"I hate this watch, it is awful.",negative
My phone is awesome and worth every penny.,positive
My laptop is bad and broke in a week.,negative
"The watch is outstanding, I use it every day.",positive
Poor value! This phone is dreadful for the price.,negative
"Wonderful headphones, it works outstanding out of the box.",positive
"This phone is perfect, best purchase ever.",positive
"Wonderful phone, it works fantastic out of the box.",positive
"I hate this watch, it is disappointing.",negative
My phone is terrible and broke in a week.,negative
"Fantastic phone, delivery was fast and it is wonderful.",positive
Poor value! This headphones is useless for the price.,negative
"Laggy and horrible, this headphones always disappoints.",negative
"Laggy and useless, this watch always disappoints.",negative
"The phone stopped working, very horrible.",negative
The battery and screen of this phone are brilliant.,positive
Terrible headphones! The quality is awful.,negative
"I am disappointed, the headphones is worst and slow.",negative
Excellent headphones! The quality is great.,positive
Excellent watch! The quality is excellent.,positive
"This watch exceeded my expectations, truly fantastic.",positive
"This phone is poor, total waste of money.",negative
"Useless laptop for my needs, completely broken.",negative
"The watch is terrible, I regret buying it.",negative
The watch looks poor and performs even worse.,negative
"The headphones stopped working, very worst.",negative
"Very unhappy with this headphones, it feels useless.",negative
"This laptop is useless, do not buy it.",negative
"This watch is awesome, five stars from me.",positive
"I am disappointed, the laptop is bad and slow.",negative
"I would buy this phone again, it is amazing.",positive
"Low quality headphones, genuinely broken experience.",negative
"Perfect headphones for my needs, absolutely outstanding.",positive
"I would buy this laptop again, it is superb.",positive
"Fantastic phone, delivery was fast and it is great.",positive
"This laptop did not meet expectations, truly useless.",negative
"Wonderful laptop, it works wonderful out of the box.",positive
"Low quality watch, genuinely terrible experience.",negative
My headphones is terrible and broke in a week.,negative
My phone is awful and broke in a week.,negative
The battery and screen of this headphones are brilliant.,positive
Terrible headphones! The quality is disappointing.,negative
"This laptop is broken, one star from me.",negative
"Perfect phone for my needs, absolutely superb.",positive
"The laptop is disappointing, I regret buying it.",negative
"Useless laptop for my needs, completely worst.",negative
"Top quality laptop, genuinely wonderful experience.",positive
"This phone is awesome, best purchase ever.",positive
"This laptop is superb, my friends all want one.",positive
"I am impressed, the phone is brilliant and reliable.",positive
"Smooth and awesome, this watch never disappoints.",positive
"I love my new watch, it is fantastic!",positive
Great value! This headphones is wonderful for the price.,positive
"I would never buy this phone again, it is awful.",negative
"This headphones did not meet expectations, truly dreadful.",negative
"I would never buy this phone again, it is awful.",negative
"I would never buy this headphones again, it is poor.",negative
"This laptop is terrible, total waste of money.",negative
"I would never buy this headphones again, it is disappointing.",negative
My laptop is amazing and worth every penny.,positive
"This watch did not meet expectations, truly broken.",negative
"I am impressed, the phone is brilliant and reliable.",positive
"Smooth and perfect, this laptop never disappoints.",positive
"I am impressed, the watch is amazing and reliable.",positive
"Very unhappy with this laptop, it feels dreadful.",negative
"Horrible watch, it failed worst out of the box.",negative
"The laptop stopped working, very broken.",negative
"Top quality headphones, genuinely awesome experience.",positive
"This laptop is superb, best purchase ever.",positive
"Super happy with this laptop, it feels wonderful.",positive
"This headphones is great, five stars from me.",positive
"Very unhappy with this watch, it feels poor.",negative
"This watch did not meet expectations, truly bad.",negative
"This phone is broken, do not buy it.",negative
Excellent watch! The quality is fantastic.,positive
The battery and screen of this phone are great.,positive
"This phone exceeded my expectations, truly awesome.",positive
"Top quality watch, genuinely excellent experience.",positive
"Super happy with this phone, it feels outstanding.",positive
"Horrible laptop, it failed horrible out of the box.",negative
Excellent phone! The quality is great.,positive
"This headphones is superb, best purchase ever.",positive
"Smooth and excellent, this phone never disappoints.",positive
"I would buy this watch again, it is fantastic.",positive
My watch is broken and broke in a week.,negative
My watch is perfect and worth every penny.,positive
"I am impressed, the laptop is outstanding and reliable.",positive
Great value! This watch is great for the price.,positive
"The laptop is worst, I regret buying it.",negative
"This laptop is awesome, my friends all want one.",positive
"The headphones works amazing, highly recommended.",positive
"Awful laptop, delivery was late and it is broken.",negative
"I love my new laptop, it is amazing!",positive
The laptop looks amazing and performs even better.,positive
"Super happy with this headphones, it feels excellent.",positive
"The phone works great, highly recommended.",positive
"This headphones is fantastic, my friends all want one.",positive
My laptop is perfect and worth every penny.,positive
"The headphones stopped working, very disappointing.",negative
"I love my new laptop, it is excellent!",positive
"I am impressed, the headphones is superb and reliable.",positive
Poor value! This phone is awful for the price.,negative
"I am impressed, the phone is fantastic and reliable.",positive
"The watch stopped working, very worst.",negative
"I would never buy this laptop again, it is bad.",negative
"Horrible laptop, it failed useless out of the box.",negative
"I am disappointed, the phone is dreadful and slow.",negative
"This watch is awful, do not buy it.",negative
"Fantastic watch, delivery was fast and it is superb.",positive
The battery and screen of this laptop are amazing.,positive
"This headphones did not meet expectations, truly awful.",negative
"The phone is useless, I regret buying it.",negative
Terrible phone! The quality is disappointing.,negative
"The laptop stopped working, very terrible.",negative
"This laptop is outstanding, my friends all want one.",positive
"Super happy with this watch, it feels perfect.",positive
"I hate this headphones, it is poor.",negative
"The phone stopped working, very horrible.",negative
"The laptop stopped working, very horrible.",negative
Poor value! This headphones is dreadful for the price.,negative
"This phone did not meet expectations, truly horrible.",negative
"Laggy and bad, this watch always disappoints.",negative
"I hate this phone, it is disappointing.",negative
"This headphones is broken, do not buy it.",negative
"Useless phone for my needs, completely poor.",negative
"Very unhappy with this laptop, it feels awful.",negative
My laptop is brilliant and worth every penny.,positive
"Low quality headphones, genuinely awful experience.",negative
"I hate this watch, it is awful.",negative
"This phone is useless, one star from me.",negative
"I would buy this phone again, it is brilliant.",positive
"This watch exceeded my expectations, truly awesome.",positive
Poor value! This phone is poor for the price.,negative
Poor value! This laptop is disappointing for the price.,negative
"Awful phone, delivery was late and it is broken.",negative
"Fantastic watch, delivery was fast and it is wonderful.",positive
"The headphones works brilliant, highly recommended.",positive
"Very unhappy with this laptop, it feels bad.",negative
Excellent watch! The quality is great.,positive
"I am impressed, the headphones is great and reliable.",positive
"I would buy this watch again, it is excellent.",positive
"The watch stopped working, very horrible.",negative
"Perfect laptop for my needs, absolutely perfect.",positive
"This headphones exceeded my expectations, truly perfect.",positive
"Awful laptop, delivery was late and it is bad.",negative
"Top quality phone, genuinely excellent experience.",positive
Poor value! This headphones is bad for the price.,negative
My phone is wonderful and worth every penny.,positive
The phone looks awful and performs even worse.,negative
"Laggy and useless, this phone always disappoints.",negative
"Perfect phone for my needs, absolutely wonderful.",positive
"This phone did not meet expectations, truly terrible.",negative
Poor value! This laptop is worst for the price.,negative
"This laptop did not meet expectations, truly disappointing.",negative
The watch looks wonderful and performs even better.,positive
"Wonderful phone, it works great out of the box.",positive
"This laptop is horrible, one star from me.",negative
"This phone is poor, one star from me.",negative
Excellent phone! The quality is brilliant.,positive
"The laptop works awesome, highly recommended.",positive
"This watch is terrible, total waste of money.",negative
"Awful headphones, delivery was late and it is broken.",negative
"Awful watch, delivery was late and it is horrible.",negative
"The headphones stopped working, very useless.",negative
Excellent watch! The quality is fantastic.,positive
"This laptop is amazing, my friends all want one.",positive
The laptop looks excellent and performs even better.,positive
"Awful headphones, delivery was late and it is dreadful.",negative
The laptop looks broken and performs even worse.,negative
"Laggy and horrible, this watch always disappoints.",negative
"This watch exceeded my expectations, truly brilliant.",positive
"The phone is perfect, I use it every day.",positive
"Smooth and outstanding, this laptop never disappoints.",positive
"I am disappointed, the watch is awful and slow.",negative
"Low quality headphones, genuinely useless experience.",negative
"This headphones is worst, total waste of money.",negative
"I would never buy this watch again, it is dreadful.",negative
"This watch is amazing, my friends all want one.",positive
"I would never buy this phone again, it is bad.",negative
"Laggy and broken, this watch always disappoints.",negative
My phone is terrible and broke in a week.,negative
The headphones looks great and performs even better.,positive
Great value! This headphones is perfect for the price.,positive
The battery and screen of this laptop are terrible.,negative
"This headphones did not meet expectations, truly poor.",negative
My headphones is superb and worth every penny.,positive
My laptop is useless and broke in a week.,negative
"The phone works awesome, highly recommended.",positive
"Very unhappy with this phone, it feels poor.",negative
Great value! This laptop is fantastic for the price.,positive
"The headphones is broken, I regret buying it.",negative
The headphones looks brilliant and performs even better.,positive
"This watch is terrible, one star from me.",negative
The phone looks amazing and performs even better.,positive
"This headphones is broken, one star from me.",negative
"Perfect headphones for my needs, absolutely great.",positive
"I would buy this laptop again, it is brilliant.",positive
"I love my new watch, it is wonderful!",positive
"This watch is horrible, do not buy it.",negative
"Horrible laptop, it failed broken out of the box.",negative
"I love my new watch, it is fantastic!",positive
"Horrible watch, it failed disappointing out of the box.",negative
"I am disappointed, the phone is worst and slow.",negative
Poor value! This phone is horrible for the price.,negative
"Wonderful phone, it works excellent out of the box.",positive
My headphones is fantastic and worth every penny.,positive
The battery and screen of this headphones are outstanding.,positive
The headphones looks poor and performs even worse.,negative
"Super happy with this phone, it feels perfect.",positive
"I would never buy this laptop again, it is dreadful.",negative
The battery and screen of this laptop are wonderful.,positive
"Laggy and bad, this laptop always disappoints.",negative
"The laptop is awful, I regret buying it.",negative
"Fantastic headphones, delivery was fast and it is amazing.",positive
Poor value! This watch is poor for the price.,negative
"I hate this phone, it is disappointing.",negative
"Wonderful laptop, it works great out of the box.",positive
The battery and screen of this watch are excellent.,positive
Terrible laptop! The quality is worst.,negative
The phone looks awful and performs even worse.,negative
The watch looks fantastic and performs even better.,positive
"Fantastic watch, delivery was fast and it is perfect.",positive
"Top quality laptop, genuinely outstanding experience.",positive
"This phone exceeded my expectations, truly fantastic.",positive
The laptop looks superb and performs even better.,positive
My headphones is worst and broke in a week.,negative
Terrible headphones! The quality is broken.,negative
"Useless phone for my needs, completely bad.",negative
"Wonderful headphones, it works great out of the box.",positive
"Fantastic phone, delivery was fast and it is brilliant.",positive
"I love my new watch, it is wonderful!",positive
Excellent watch! The quality is perfect.,positive
"Low quality phone, genuinely broken experience.",negative
"The laptop works perfect, highly recommended.",positive
"This phone is great, five stars from me.",positive
Excellent phone! The quality is amazing.,positive
"Smooth and superb, this headphones never disappoints.",positive
"Super happy with this phone, it feels wonderful.",positive
"Top quality headphones, genuinely fantastic experience.",positive
"I would never buy this laptop again, it is useless.",negative
"This laptop is perfect, my friends all want one.",positive
"This watch exceeded my expectations, truly fantastic.",positive
"I would buy this laptop again, it is wonderful.",positive
My phone is bad and broke in a week.,negative
"Low quality laptop, genuinely worst experience.",negative
"I am impressed, the laptop is perfect and reliable.",positive
"This headphones is wonderful, five stars from me.",positive
The headphones looks great and performs even better.,positive
"Horrible watch, it failed terrible out of the box.",negative
"This headphones is amazing, five stars from me.",positive
Excellent laptop! The quality is fantastic.,positive
My watch is terrible and broke in a week.,negative
Excellent watch! The quality is great.,positive
"I hate this phone, it is poor.",negative
"Awful phone, delivery was late and it is horrible.",negative
"This phone is outstanding, my friends all want one.",positive
"This headphones is broken, total waste of money.",negative
My watch is bad and broke in a week.,negative
"Wonderful watch, it works outstanding out of the box.",positive
"Top quality watch, genuinely outstanding experience.",positive
Excellent laptop! The quality is wonderful.,positive
The watch looks disappointing and performs even worse.,negative
"Perfect phone for my needs, absolutely great.",positive
"I hate this watch, it is broken.",negative
"I am impressed, the laptop is brilliant and reliable.",positive
The battery and screen of this watch are wonderful.,positive
"The laptop works awesome, highly recommended.",positive
"I am disappointed, the phone is worst and slow.",negative
"Perfect laptop for my needs, absolutely brilliant.",positive
"I would buy this phone again, it is superb.",positive
The laptop looks worst and performs even worse.,negative
"Wonderful headphones, it works amazing out of the box.",positive
"I would buy this watch again, it is amazing.",positive
"This watch is superb, five stars from me.",positive
"The headphones stopped working, very disappointing.",negative
"I would buy this watch again, it is wonderful.",positive
"Fantastic phone, delivery was fast and it is fantastic.",positive
Great value! This phone is awesome for the price.,positive
The phone looks useless and performs even worse.,negative
"Fantastic headphones, delivery was fast and it is awesome.",positive
"This phone is horrible, do not buy it.",negative
"Very unhappy with this headphones, it feels disappointing.",negative
"Very unhappy with this headphones, it feels awful.",negative
"I hate this laptop, it is terrible.",negative
"Fantastic phone, delivery was fast and it is perfect.",positive
"The watch works brilliant, highly recommended.",positive
"Awful laptop, delivery was late and it is awful.",negative
"This phone is terrible, one star from me.",negative
Excellent watch! The quality is outstanding.,positive
The phone looks terrible and performs even worse.,negative
Great value! This headphones is awesome for the price.,positive
"I am impressed, the laptop is brilliant and reliable.",positive
"This phone exceeded my expectations, truly wonderful.",positive
"Horrible watch, it failed worst out of the box.",negative
"This watch is poor, do not buy it.",negative
"This phone is terrible, total waste of money.",negative
"Laggy and broken, this laptop always disappoints.",negative
Terrible phone! The quality is bad.,negative
"This phone is perfect, my friends all want one.",positive
"This watch is useless, total waste of money.",negative
"Wonderful headphones, it works perfect out of the box.",positive
"Smooth and brilliant, this laptop never disappoints.",positive
"This watch exceeded my expectations, truly excellent.",positive
"This watch is awesome, best purchase ever.",positive
"Very unhappy with this laptop, it feels poor.",negative
"I hate this watch, it is disappointing.",negative
"The watch is useless, I regret buying it.",negative
"This laptop is brilliant, five stars from me.",positive
"Low quality phone, genuinely disappointing experience.",negative
"Wonderful laptop, it works great out of the box.",positive
"This headphones is perfect, five stars from me.",positive
My laptop is awesome and worth every penny.,positive
"Top quality watch, genuinely superb experience.",positive
"This phone is awesome, five stars from me.",positive
"The headphones is poor, I regret buying it.",negative
Excellent watch! The quality is amazing.,positive
"I hate this headphones, it is horrible.",negative
"Horrible headphones, it failed broken out of the box.",negative
My phone is wonderful and worth every penny.,positive
"This headphones exceeded my expectations, truly fantastic.",positive
"Awful phone, delivery was late and it is useless.",negative
"Horrible laptop, it failed poor out of the box.",negative
"I would never buy this phone again, it is worst.",negative
"This watch is poor, total waste of money.",negative
Great value! This watch is amazing for the price.,positive
"Perfect phone for my needs, absolutely perfect.",positive
"This watch is useless, one star from me.",negative
"The headphones is awful, I regret buying it.",negative
"This headphones is great, five stars from me.",positive
"Super happy with this headphones, it feels outstanding.",positive
"I would never buy this phone again, it is terrible.",negative
"Smooth and fantastic, this headphones never disappoints.",positive
"This phone is awful, one star from me.",negative
"I would buy this phone again, it is outstanding.",positive
"Fantastic headphones, delivery was fast and it is brilliant.",positive
"This phone is perfect, best purchase ever.",positive
Great value! This laptop is perfect for the price.,positive
"The phone is outstanding, I use it every day.",positive
"The phone is broken, I regret buying it.",negative
"Top quality laptop, genuinely brilliant experience.",positive
"I would buy this headphones again, it is brilliant.",positive
"This phone is useless, total waste of money.",negative
The battery and screen of this headphones are fantastic.,positive
"Perfect laptop for my needs, absolutely perfect.",positive
Great value! This laptop is fantastic for the price.,positive
Terrible headphones! The quality is awful.,negative
"Horrible laptop, it failed dreadful out of the box.",negative
"The phone stopped working, very dreadful.",negative
"Super happy with this watch, it feels awesome.",positive
"Smooth and outstanding, this headphones never disappoints.",positive
"This headphones exceeded my expectations, truly excellent.",positive
The battery and screen of this watch are disappointing.,negative
"The phone is poor, I regret buying it.",negative
"Wonderful laptop, it works brilliant out of the box.",positive
"Smooth and excellent, this phone never disappoints.",positive
The headphones looks dreadful and performs even worse.,negative
"This watch did not meet expectations, truly useless.",negative
The battery and screen of this watch are broken.,negative
"I would never buy this laptop again, it is awful.",negative
"This phone exceeded my expectations, truly great.",positive
"The headphones works awesome, highly recommended.",positive
"I would buy this phone again, it is excellent.",positive
"This headphones is awful, do not buy it.",negative
Excellent headphones! The quality is fantastic.,positive
The battery and screen of this phone are outstanding.,positive
"The headphones is great, I use it every day.",positive
"This laptop is superb, my friends all want one.",positive
"Awful phone, delivery was late and it is awful.",negative
"Awful watch, delivery was late and it is dreadful.",negative
"I would buy this phone again, it is fantastic.",positive
"This headphones is excellent, five stars from me.",positive
"Very unhappy with this headphones, it feels disappointing.",negative
"This watch is perfect, five stars from me.",positive
The laptop looks fantastic and performs even better.,positive
"The headphones is horrible, I regret buying it.",negative
The phone looks horrible and performs even worse.,negative
"This headphones is wonderful, best purchase ever.",positive
Poor value! This watch is horrible for the price.,negative
My watch is awesome and worth every penny.,positive
"Horrible phone, it failed horrible out of the box.",negative
"This phone is terrible, do not buy it.",negative
"I love my new watch, it is outstanding!",positive
"This phone exceeded my expectations, truly perfect.",positive
My laptop is excellent and worth every penny.,positive
Excellent laptop! The quality is brilliant.,positive
"Horrible headphones, it failed broken out of the box.",negative
"This watch is brilliant, best purchase ever.",positive
My phone is worst and broke in a week.,negative
"This laptop is broken, do not buy it.",negative
Great value! This laptop is excellent for the price.,positive
"Wonderful headphones, it works wonderful out of the box.",positive
The watch looks bad and performs even worse.,negative
The headphones looks amazing and performs even better.,positive
The battery and screen of this phone are poor.,negative
"Awful phone, delivery was late and it is bad.",negative
"Horrible laptop, it failed dreadful out of the box.",negative
"Laggy and terrible, this watch always disappoints.",negative
"I hate this laptop, it is bad.",negative
"Wonderful phone, it works perfect out of the box.",positive
"Fantastic headphones, delivery was fast and it is awesome.",positive
"The headphones works awesome, highly recommended.",positive
"I would never buy this laptop again, it is awful.",negative
"The watch works superb, highly recommended.",positive
"I love my new watch, it is great!",positive
"I would never buy this phone again, it is broken.",negative
"Top quality headphones, genuinely excellent experience.",positive
"Super happy with this laptop, it feels outstanding.",positive
"Useless watch for my needs, completely awful.",negative
"This headphones exceeded my expectations, truly outstanding.",positive
"I hate this laptop, it is bad.",negative
"I would buy this laptop again, it is excellent.",positive
"Awful laptop, delivery was late and it is useless.",negative
"The watch is awesome, I use it every day.",positive
My phone is horrible and broke in a week.,negative
"Wonderful headphones, it works brilliant out of the box.",positive
"This laptop is disappointing, do not buy it.",negative
"Laggy and bad, this headphones always disappoints.",negative
The battery and screen of this phone are perfect.,positive
Terrible headphones! The quality is bad.,negative
Excellent laptop! The quality is amazing.,positive
My watch is awesome and worth every penny.,positive
"Perfect laptop for my needs, absolutely awesome.",positive
"This headphones is great, five stars from me.",positive
"I would never buy this phone again, it is disappointing.",negative
"I love my new watch, it is awesome!",positive
"Super happy with this headphones, it feels excellent.",positive
"Awful watch, delivery was late and it is horrible.",negative
My watch is poor and broke in a week.,negative
"Useless watch for my needs, completely dreadful.",negative
"Top quality phone, genuinely outstanding experience.",positive
My laptop is terrible and broke in a week.,negative
"Top quality laptop, genuinely perfect experience.",positive
My headphones is excellent and worth every penny.,positive
"I am disappointed, the watch is dreadful and slow.",negative
The battery and screen of this laptop are dreadful.,negative
"Super happy with this headphones, it feels awesome.",positive
"Super happy with this headphones, it feels perfect.",positive
"This watch is superb, five stars from me.",positive
My headphones is outstanding and worth every penny.,positive
"I would never buy this watch again, it is worst.",negative
"I would never buy this watch again, it is awful.",negative
"I hate this laptop, it is bad.",negative
"Laggy and useless, this watch always disappoints.",negative
"Awful phone, delivery was late and it is dreadful.",negative
"Horrible headphones, it failed broken out of the box.",negative
"Horrible headphones, it failed broken out of the box.",negative
"I hate this headphones, it is horrible.",negative
"Useless laptop for my needs, completely disappointing.",negative
"Wonderful phone, it works perfect out of the box.",positive
"Laggy and awful, this laptop always disappoints.",negative
"The phone stopped working, very worst.",negative
Terrible headphones! The quality is disappointing.,negative
"I hate this watch, it is terrible.",negative
"This laptop is fantastic, my friends all want one.",positive
My phone is brilliant and worth every penny.,positive
"I would buy this laptop again, it is superb.",positive
"Laggy and broken, this phone always disappoints.",negative
Terrible watch! The quality is useless.,negative
"Top quality headphones, genuinely superb experience.",positive
Terrible phone! The quality is useless.,negative
"Awful phone, delivery was late and it is dreadful.",negative
"This watch is dreadful, total waste of money.",negative
"Top quality laptop, genuinely great experience.",positive
Terrible headphones! The quality is broken.,negative
"Wonderful headphones, it works fantastic out of the box.",positive
My watch is perfect and worth every penny.,positive
"This headphones is brilliant, my friends all want one.",positive
"I would buy this watch again, it is perfect.",positive
Great value! This phone is great for the price.,positive
"I am disappointed, the watch is bad and slow.",negative
"Smooth and brilliant, this laptop never disappoints.",positive
"This phone is poor, one star from me.",negative
"This phone is awesome, five stars from me.",positive
"I am impressed, the watch is fantastic and reliable.",positive
"Perfect headphones for my needs, absolutely superb.",positive
Terrible phone! The quality is dreadful.,negative
"Useless headphones for my needs, completely dreadful.",negative
"I am disappointed, the watch is awful and slow.",negative
"Top quality watch, genuinely awesome experience.",positive
"The laptop is disappointing, I regret buying it.",negative
"I am impressed, the headphones is amazing and reliable.",positive
My headphones is wonderful and worth every penny.,positive
My watch is outstanding and worth every penny.,positive
"I love my new laptop, it is outstanding!",positive
"This headphones is perfect, five stars from me.",positive
"This phone is amazing, my friends all want one.",positive
"Low quality watch, genuinely awful experience.",negative
"The laptop is terrible, I regret buying it.",negative
The battery and screen of this laptop are awesome.,positive
"I am impressed, the phone is excellent and reliable.",positive
"This laptop is fantastic, best purchase ever.",positive
"This laptop exceeded my expectations, truly excellent.",positive
"The laptop works wonderful, highly recommended.",positive
"I am impressed, the watch is awesome and reliable.",positive
"Smooth and awesome, this laptop never disappoints.",positive
"The phone is bad, I regret buying it.",negative
"I hate this laptop, it is bad.",negative
"This headphones did not meet expectations, truly disappointing.",negative
"Fantastic laptop, delivery was fast and it is amazing.",positive
"I hate this phone, it is broken.",negative
"I would buy this laptop again, it is perfect.",positive
The phone looks outstanding and performs even better.,positive
"I am disappointed, the headphones is useless and slow.",negative
The headphones looks horrible and performs even worse.,negative
"Low quality headphones, genuinely disappointing experience.",negative
"The laptop is disappointing, I regret buying it.",negative
"This phone is horrible, one star from me.",negative
"The headphones works outstanding, highly recommended.",positive
"This phone is disappointing, total waste of money.",negative
The watch looks amazing and performs even better.,positive
"Low quality headphones, genuinely terrible experience.",negative
"Very unhappy with this watch, it feels useless.",negative
"Wonderful watch, it works fantastic out of the box.",positive
"Horrible watch, it failed disappointing out of the box.",negative
"This laptop is dreadful, total waste of money.",negative
"Laggy and horrible, this laptop always disappoints.",negative
"This watch exceeded my expectations, truly perfect.",positive
"Very unhappy with this watch, it feels poor.",negative
"This watch is great, my friends all want one.",positive
Terrible phone! The quality is useless.,negative
"The watch stopped working, very disappointing.",negative
"This headphones is worst, do not buy it.",negative
Poor value! This headphones is awful for the price.,negative
"Horrible phone, it failed broken out of the box.",negative
"The phone is terrible, I regret buying it.",negative
"I would buy this laptop again, it is superb.",positive
My laptop is poor and broke in a week.,negative
"Super happy with this laptop, it feels fantastic.",positive
Terrible watch! The quality is poor.,negative
"I am impressed, the watch is excellent and reliable.",positive
"Wonderful headphones, it works fantastic out of the box.",positive
"Perfect phone for my needs, absolutely perfect.",positive
"Laggy and horrible, this laptop always disappoints.",negative
My laptop is worst and broke in a week.,negative
"I am disappointed, the laptop is useless and slow.",negative
"Low quality watch, genuinely terrible experience.",negative
"The laptop is terrible, I regret buying it.",negative
"Very unhappy with this watch, it feels horrible.",negative
"Awful phone, delivery was late and it is awful.",negative
Excellent phone! The quality is excellent.,positive
"Wonderful laptop, it works brilliant out of the box.",positive
"The phone is awful, I regret buying it.",negative
"Very unhappy with this phone, it feels dreadful.",negative
"This phone exceeded my expectations, truly fantastic.",positive
"This laptop did not meet expectations, truly horrible.",negative
"I am disappointed, the laptop is worst and slow.",negative
"This phone is broken, total waste of money.",negative
"Horrible laptop, it failed terrible out of the box.",negative
"Low quality watch, genuinely terrible experience.",negative
"This phone exceeded my expectations, truly brilliant.",positive
"This watch is awesome, best purchase ever.",positive
The battery and screen of this headphones are dreadful.,negative
"This headphones exceeded my expectations, truly excellent.",positive
"Awful watch, delivery was late and it is useless.",negative
The watch looks disappointing and performs even worse.,negative
"Laggy and poor, this headphones always disappoints.",negative
"Wonderful laptop, it works brilliant out of the box.",positive
The watch looks awful and performs even worse.,negative
"The phone is superb, I use it every day.",positive
"Very unhappy with this headphones, it feels dreadful.",negative
"The headphones is perfect, I use it every day.",positive
"Very unhappy with this laptop, it feels bad.",negative
"I would never buy this watch again, it is worst.",negative
"The phone is perfect, I use it every day.",positive
"This watch is amazing, my friends all want one.",positive
"The phone is awful, I regret buying it.",negative
The battery and screen of this laptop are useless.,negative
The battery and screen of this watch are outstanding.,positive
"Super happy with this laptop, it feels fantastic.",positive
"I would never buy this headphones again, it is awful.",negative
"Low quality phone, genuinely useless experience.",negative
"The watch works superb, highly recommended.",positive
"Low quality phone, genuinely disappointing experience.",negative
"The watch works excellent, highly recommended.",positive
"I am impressed, the headphones is fantastic and reliable.",positive
"I am impressed, the laptop is fantastic and reliable.",positive
"This headphones is brilliant, best purchase ever.",positive
"I hate this headphones, it is worst.",negative
"Smooth and wonderful, this phone never disappoints.",positive
"I am disappointed, the laptop is worst and slow.",negative
"I am disappointed, the watch is disappointing and slow.",negative
"Horrible phone, it failed terrible out of the box.",negative
"The watch is fantastic, I use it every day.",positive
"Laggy and poor, this headphones always disappoints.",negative
The battery and screen of this phone are dreadful.,negative
"This laptop did not meet expectations, truly awful.",negative
"This headphones is awesome, my friends all want one.",positive
"Awful laptop, delivery was late and it is poor.",negative
The battery and screen of this laptop are wonderful.,positive
"This headphones is fantastic, best purchase ever.",positive
Poor value! This laptop is worst for the price.,negative
"Super happy with this headphones, it feels great.",positive
"Wonderful laptop, it works amazing out of the box.",positive
"I would buy this watch again, it is brilliant.",positive
"The laptop works fantastic, highly recommended.",positive
"This phone is awesome, five stars from me.",positive
"The headphones works amazing, highly recommended.",positive
"I would never buy this watch again, it is horrible.",negative
The battery and screen of this watch are brilliant.,positive
"I hate this laptop, it is terrible.",negative
"This phone did not meet expectations, truly useless.",negative
"The headphones stopped working, very dreadful.",negative
"The laptop works superb, highly recommended.",positive
The battery and screen of this headphones are brilliant.,positive
"This headphones is awesome, five stars from me.",positive
Excellent watch! The quality is superb.,positive
"Top quality headphones, genuinely brilliant experience.",positive
"The laptop works awesome, highly recommended.",positive
"Super happy with this watch, it feels wonderful.",positive
"Horrible laptop, it failed bad out of the box.",negative
"The laptop is brilliant, I use it every day.",positive
"Wonderful laptop, it works fantastic out of the box.",positive
Great value! This watch is great for the price.,positive
"I would never buy this headphones again, it is bad.",negative
"This phone is horrible, total waste of money.",negative
The battery and screen of this phone are bad.,negative
"Laggy and terrible, this watch always disappoints.",negative
My watch is terrible and broke in a week.,negative
"Useless headphones for my needs, completely terrible.",negative
Great value! This headphones is perfect for the price.,positive
"Laggy and useless, this watch always disappoints.",negative
"Awful watch, delivery was late and it is dreadful.",negative
"I would never buy this headphones again, it is horrible.",negative
"Horrible headphones, it failed poor out of the box.",negative
"I love my new laptop, it is brilliant!",positive
"I would never buy this laptop again, it is terrible.",negative
The battery and screen of this phone are poor.,negative
"I love my new laptop, it is excellent!",positive
The battery and screen of this headphones are disappointing.,negative
My headphones is terrible and broke in a week.,negative
"Fantastic headphones, delivery was fast and it is perfect.",positive
"I am impressed, the phone is brilliant and reliable.",positive
"This laptop is worst, do not buy it.",negative
"Wonderful laptop, it works superb out of the box.",positive
"This phone exceeded my expectations, truly awesome.",positive
"Fantastic headphones, delivery was fast and it is perfect.",positive
"This laptop is great, my friends all want one.",positive
Excellent laptop! The quality is superb.,positive
"This watch is broken, one star from me.",negative
"Smooth and outstanding, this headphones never disappoints.",positive
"Smooth and superb, this watch never disappoints.",positive
My headphones is dreadful and broke in a week.,negative
My watch is outstanding and worth every penny.,positive
"This laptop is dreadful, do not buy it.",negative
"This laptop is broken, total waste of money.",negative
"I am impressed, the laptop is great and reliable.",positive
"I am disappointed, the laptop is worst and slow.",negative
Great value! This phone is superb for the price.,positive
"The laptop is amazing, I use it every day.",positive
"This watch is brilliant, five stars from me.",positive
"This phone is awesome, best purchase ever.",positive
"The laptop stopped working, very useless.",negative
"I am disappointed, the laptop is horrible and slow.",negative
"I am impressed, the phone is wonderful and reliable.",positive
"Low quality laptop, genuinely dreadful experience.",negative
The battery and screen of this headphones are dreadful.,negative
"The headphones is worst, I regret buying it.",negative
Great value! This phone is great for the price.,positive
"The headphones is amazing, I use it every day.",positive
"I hate this phone, it is useless.",negative
The phone looks disappointing and performs even worse.,negative
"I hate this headphones, it is worst.",negative
"This watch is outstanding, five stars from me.",positive
"Wonderful watch, it works excellent out of the box.",positive
"This watch is bad, do not buy it.",negative
"I hate this phone, it is disappointing.",negative
"Useless watch for my needs, completely useless.",negative
The laptop looks worst and performs even worse.,negative
Great value! This phone is fantastic for the price.,positive
"I would buy this headphones again, it is perfect.",positive
"Top quality phone, genuinely excellent experience.",positive
"Fantastic watch, delivery was fast and it is fantastic.",positive
"The headphones is perfect, I use it every day.",positive
"This watch is wonderful, best purchase ever.",positive
"Wonderful laptop, it works brilliant out of the box.",positive
"I am impressed, the watch is brilliant and reliable.",positive
"Laggy and terrible, this phone always disappoints.",negative
Poor value! This watch is bad for the price.,negative
"Useless headphones for my needs, completely poor.",negative
"I am disappointed, the headphones is dreadful and slow.",negative
"This headphones did not meet expectations, truly disappointing.",negative
"The laptop stopped working, very dreadful.",negative
"This watch is fantastic, best purchase ever.",positive
"This laptop is great, best purchase ever.",positive
"Useless phone for my needs, completely poor.",negative
"I would never buy this phone again, it is awful.",negative
"The headphones is broken, I regret buying it.",negative
"This laptop exceeded my expectations, truly perfect.",positive
"This watch exceeded my expectations, truly amazing.",positive
"This phone did not meet expectations, truly worst.",negative
"The headphones is horrible, I regret buying it.",negative
"This watch is amazing, my friends all want one.",positive
"I am disappointed, the laptop is worst and slow.",negative
"This watch is amazing, five stars from me.",positive
"This watch is outstanding, five stars from me.",positive
"This headphones is horrible, one star from me.",negative
Terrible phone! The quality is useless.,negative
"I would buy this phone again, it is outstanding.",positive
Excellent phone! The quality is great.,positive
"The watch stopped working, very dreadful.",negative
"This laptop is worst, total waste of money.",negative
"This laptop did not meet expectations, truly worst.",negative
"Super happy with this phone, it feels wonderful.",positive
"This watch is brilliant, my friends all want one.",positive
"Low quality phone, genuinely dreadful experience.",negative
"Low quality watch, genuinely disappointing experience.",negative
Terrible laptop! The quality is awful.,negative
"Wonderful phone, it works fantastic out of the box.",positive
"Useless headphones for my needs, completely awful.",negative
"The watch is awesome, I use it every day.",positive
"Horrible headphones, it failed terrible out of the box.",negative
"Useless headphones for my needs, completely worst.",negative
"Wonderful laptop, it works fantastic out of the box.",positive
"The headphones works great, highly recommended.",positive
The battery and screen of this laptop are awful.,negative
"The phone works perfect, highly recommended.",positive
Poor value! This headphones is awful for the price.,negative
Excellent phone! The quality is superb.,positive
"The headphones stopped working, very poor.",negative
"Horrible phone, it failed poor out of the box.",negative
"This watch is poor, one star from me.",negative
"I would never buy this phone again, it is useless.",negative
"The headphones is brilliant, I use it every day.",positive
The phone looks superb and performs even better.,positive
Excellent watch! The quality is superb.,positive
"Horrible phone, it failed bad out of the box.",negative
"Wonderful laptop, it works fantastic out of the box.",positive
The battery and screen of this laptop are disappointing.,negative
"This phone did not meet expectations, truly terrible.",negative
"The phone is horrible, I regret buying it.",negative
"This watch is awful, one star from me.",negative
My watch is fantastic and worth every penny.,positive
Excellent laptop! The quality is fantastic.,positive
Poor value! This phone is disappointing for the price.,negative
Terrible headphones! The quality is broken.,negative
Terrible headphones! The quality is useless.,negative
"This headphones is worst, one star from me.",negative
"Fantastic laptop, delivery was fast and it is fantastic.",positive
"I love my new phone, it is fantastic!",positive
"I am disappointed, the headphones is broken and slow.",negative
My watch is useless and broke in a week.,negative
"This laptop is amazing, my friends all want one.",positive
"Perfect laptop for my needs, absolutely great.",positive
"The phone stopped working, very terrible.",negative
Terrible laptop! The quality is poor.,negative
"Top quality laptop, genuinely perfect experience.",positive
"Smooth and awesome, this headphones never disappoints.",positive
"The headphones works brilliant, highly recommended.",positive
"I am impressed, the watch is wonderful and reliable.",positive
"I would buy this watch again, it is excellent.",positive
"This laptop is bad, total waste of money.",negative
"I am disappointed, the laptop is useless and slow.",negative
"This watch is great, my friends all want one.",positive
"This headphones is amazing, my friends all want one.",positive
"This watch is great, my friends all want one.",positive
"This laptop is awful, do not buy it.",negative
"The laptop stopped working, very bad.",negative
"Smooth and superb, this laptop never disappoints.",positive
"Useless laptop for my needs, completely disappointing.",negative
"I am disappointed, the watch is worst and slow.",negative
The watch looks dreadful and performs even worse.,negative
The watch looks awful and performs even worse.,negative
"Low quality phone, genuinely horrible experience.",negative
"Perfect phone for my needs, absolutely great.",positive
"This laptop did not meet expectations, truly broken.",negative
"This watch is awesome, my friends all want one.",positive
The battery and screen of this headphones are horrible.,negative
"Wonderful headphones, it works fantastic out of the box.",positive
Terrible watch! The quality is bad.,negative
"The watch is great, I use it every day.",positive
The headphones looks worst and performs even worse.,negative
"I love my new watch, it is fantastic!",positive
"Perfect phone for my needs, absolutely outstanding.",positive
"Laggy and horrible, this watch always disappoints.",negative
"Awful phone, delivery was late and it is awful.",negative
"This phone exceeded my expectations, truly perfect.",positive
"Very unhappy with this phone, it feels disappointing.",negative
The battery and screen of this phone are wonderful.,positive
"I would buy this phone again, it is fantastic.",positive
The battery and screen of this headphones are great.,positive
"I would buy this headphones again, it is brilliant.",positive
"Very unhappy with this headphones, it feels dreadful.",negative
The phone looks poor and performs even worse.,negative
My phone is dreadful and broke in a week.,negative
My laptop is awesome and worth every penny.,positive
"I am disappointed, the laptop is disappointing and slow.",negative
The battery and screen of this headphones are awesome.,positive
My phone is excellent and worth every penny.,positive
The battery and screen of this headphones are great.,positive
"Perfect watch for my needs, absolutely superb.",positive
"This headphones is awful, one star from me.",negative
The battery and screen of this watch are awful.,negative
My headphones is perfect and worth every penny.,positive
"This phone is bad, one star from me.",negative
"Very unhappy with this phone, it feels awful.",negative
"Wonderful headphones, it works great out of the box.",positive
Excellent headphones! The quality is excellent.,positive
The headphones looks dreadful and performs even worse.,negative
"Horrible headphones, it failed poor out of the box.",negative
"This headphones did not meet expectations, truly horrible.",negative
"I would never buy this watch again, it is terrible.",negative
"This watch is superb, five stars from me.",positive
The laptop looks excellent and performs even better.,positive
"I am impressed, the watch is great and reliable.",positive
"This laptop did not meet expectations, truly terrible.",negative
"Useless phone for my needs, completely dreadful.",negative
"Laggy and poor, this phone always disappoints.",negative
"I would buy this headphones again, it is superb.",positive
"This laptop is fantastic, five stars from me.",positive
"I would never buy this watch again, it is horrible.",negative
"Laggy and awful, this laptop always disappoints.",negative
Poor value! This phone is awful for the price.,negative
"Awful headphones, delivery was late and it is useless.",negative
Excellent watch! The quality is great.,positive
"Useless watch for my needs, completely broken.",negative
My laptop is poor and broke in a week.,negative
"The laptop is worst, I regret buying it.",negative
"I would buy this watch again, it is awesome.",positive
"I love my new watch, it is excellent!",positive
"Wonderful laptop, it works fantastic out of the box.",positive
"The phone is superb, I use it every day.",positive
"Horrible laptop, it failed horrible out of the box.",negative
"Smooth and fantastic, this laptop never disappoints.",positive
"I am disappointed, the laptop is disappointing and slow.",negative
Poor value! This watch is awful for the price.,negative
"This watch did not meet expectations, truly poor.",negative
"Wonderful watch, it works awesome out of the box.",positive
"This laptop is awesome, five stars from me.",positive
"Wonderful watch, it works amazing out of the box.",positive
"I would never buy this laptop again, it is horrible.",negative
"I would never buy this watch again, it is awful.",negative
"The phone is wonderful, I use it every day.",positive
"The headphones works perfect, highly recommended.",positive
My headphones is perfect and worth every penny.,positive
"Useless watch for my needs, completely horrible.",negative
"This phone did not meet expectations, truly poor.",negative
"The headphones is terrible, I regret buying it.",negative
"Very unhappy with this laptop, it feels terrible.",negative
My headphones is awful and broke in a week.,negative
"Useless watch for my needs, completely worst.",negative
"I hate this headphones, it is broken.",negative
My headphones is useless and broke in a week.,negative
"The phone is great, I use it every day.",positive
"Laggy and bad, this phone always disappoints.",negative
"Perfect headphones for my needs, absolutely perfect.",positive
Terrible headphones! The quality is horrible.,negative
"Top quality laptop, genuinely perfect experience.",positive
My headphones is wonderful and worth every penny.,positive
"Top quality phone, genuinely great experience.",positive
"Awful phone, delivery was late and it is broken.",negative
The battery and screen of this watch are bad.,negative
Terrible laptop! The quality is poor.,negative
"I would never buy this watch again, it is horrible.",negative
Excellent phone! The quality is great.,positive
"Super happy with this laptop, it feels excellent.",positive
The headphones looks perfect and performs even better.,positive
"This watch is excellent, my friends all want one.",positive
"The laptop is excellent, I use it every day.",positive
"Fantastic watch, delivery was fast and it is excellent.",positive
"Low quality phone, genuinely useless experience.",negative
"This headphones exceeded my expectations, truly superb.",positive
"Top quality laptop, genuinely outstanding experience.",positive
"The headphones is worst, I regret buying it.",negative
Poor value! This headphones is dreadful for the price.,negative
"Fantastic watch, delivery was fast and it is brilliant.",positive
"I am disappointed, the laptop is useless and slow.",negative
The phone looks useless and performs even worse.,negative
"Awful phone, delivery was late and it is useless.",negative
My headphones is disappointing and broke in a week.,negative
The battery and screen of this headphones are disappointing.,negative
"Useless phone for my needs, completely worst.",negative
"Very unhappy with this headphones, it feels dreadful.",negative
"I am impressed, the phone is superb and reliable.",positive
"This watch did not meet expectations, truly horrible.",negative
"The watch stopped working, very worst.",negative
"Laggy and dreadful, this phone always disappoints.",negative
"Top quality headphones, genuinely excellent experience.",positive
"I hate this laptop, it is horrible.",negative
"Laggy and dreadful, this headphones always disappoints.",negative
"Very unhappy with this headphones, it feels horrible.",negative
"Useless phone for my needs, completely terrible.",negative
"I love my new laptop, it is excellent!",positive
Terrible watch! The quality is broken.,negative
Excellent watch! The quality is great.,positive
"Horrible headphones, it failed disappointing out of the box.",negative
"The phone stopped working, very worst.",negative
"This laptop is perfect, best purchase ever.",positive
Great value! This laptop is brilliant for the price.,positive
"Wonderful watch, it works wonderful out of the box.",positive
"Super happy with this watch, it feels brilliant.",positive
"This headphones did not meet expectations, truly terrible.",negative
The watch looks perfect and performs even better.,positive
Terrible watch! The quality is awful.,negative
"This laptop is awful, do not buy it.",negative
"Very unhappy with this laptop, it feels poor.",negative
"I love my new phone, it is awesome!",positive
"This headphones is terrible, do not buy it.",negative
The battery and screen of this phone are fantastic.,positive
"This phone exceeded my expectations, truly superb.",positive
The watch looks brilliant and performs even better.,positive
Terrible laptop! The quality is broken.,negative
"Laggy and disappointing, this laptop always disappoints.",negative
Terrible phone! The quality is poor.,negative
"I hate this headphones, it is poor.",negative
Great value! This laptop is brilliant for the price.,positive
"I would buy this phone again, it is fantastic.",positive
"This watch is perfect, five stars from me.",positive
"This phone is broken, one star from me.",negative
"I love my new headphones, it is awesome!",positive
"This watch is wonderful, five stars from me.",positive
"The watch works outstanding, highly recommended.",positive
"The phone works superb, highly recommended.",positive
"This phone is worst, total waste of money.",negative
"The phone is poor, I regret buying it.",negative
"This watch is amazing, best purchase ever.",positive
My headphones is broken and broke in a week.,negative
"The headphones stopped working, very useless.",negative
"This headphones is poor, total waste of money.",negative
"This phone is dreadful, do not buy it.",negative
"This laptop exceeded my expectations, truly outstanding.",positive
"The headphones is awesome, I use it every day.",positive
Excellent phone! The quality is excellent.,positive
Great value! This phone is perfect for the price.,positive
The battery and screen of this watch are wonderful.,positive
My laptop is wonderful and worth every penny.,positive
"Smooth and fantastic, this phone never disappoints.",positive
"Useless watch for my needs, completely disappointing.",negative
"This laptop is horrible, total waste of money.",negative
"This laptop is outstanding, my friends all want one.",positive
"This watch is dreadful, one star from me.",negative
Great value! This watch is excellent for the price.,positive
"I love my new watch, it is fantastic!",positive
"I love my new laptop, it is amazing!",positive
"The watch is perfect, I use it every day.",positive
"I am disappointed, the watch is bad and slow.",negative
"Awful phone, delivery was late and it is useless.",negative
The battery and screen of this watch are excellent.,positive
"This watch is excellent, my friends all want one.",positive
"This laptop is worst, one star from me.",negative
"Smooth and brilliant, this laptop never disappoints.",positive
"I would never buy this watch again, it is awful.",negative
"I would never buy this headphones again, it is worst.",negative
"Smooth and superb, this headphones never disappoints.",positive
"Wonderful phone, it works great out of the box.",positive
"This watch is awesome, my friends all want one.",positive
"This headphones did not meet expectations, truly awful.",negative
"Fantastic phone, delivery was fast and it is fantastic.",positive
"The phone works excellent, highly recommended.",positive
"Wonderful watch, it works brilliant out of the box.",positive
"This phone is great, best purchase ever.",positive
"Awful watch, delivery was late and it is useless.",negative
"The watch stopped working, very bad.",negative
"Horrible headphones, it failed bad out of the box.",negative
"Smooth and fantastic, this watch never disappoints.",positive
"Awful phone, delivery was late and it is poor.",negative
"I would never buy this watch again, it is bad.",negative
Excellent phone! The quality is brilliant.,positive
"Smooth and fantastic, this headphones never disappoints.",positive
The battery and screen of this laptop are bad.,negative
Poor value! This watch is awful for the price.,negative
"This phone did not meet expectations, truly awful.",negative
"I would buy this phone again, it is fantastic.",positive
"Laggy and horrible, this watch always disappoints.",negative
The battery and screen of this headphones are excellent.,positive
"I hate this headphones, it is useless.",negative
"The phone is disappointing, I regret buying it.",negative
"Wonderful laptop, it works outstanding out of the box.",positive
"I love my new phone, it is brilliant!",positive
"This laptop did not meet expectations, truly useless.",negative
"Perfect laptop for my needs, absolutely excellent.",positive
"I would never buy this headphones again, it is terrible.",negative
Terrible watch! The quality is bad.,negative
"Perfect headphones for my needs, absolutely great.",positive
Poor value! This phone is disappointing for the price.,negative
"Low quality laptop, genuinely broken experience.",negative
"The laptop works wonderful, highly recommended.",positive
"Awful watch, delivery was late and it is horrible.",negative
The battery and screen of this watch are horrible.,negative
"This phone is amazing, best purchase ever.",positive
"The phone is bad, I regret buying it.",negative
The laptop looks poor and performs even worse.,negative
"Useless phone for my needs, completely useless.",negative
"I would never buy this watch again, it is useless.",negative
"The headphones stopped working, very bad.",negative
"This laptop is dreadful, do not buy it.",negative
"Low quality phone, genuinely terrible experience.",negative
Poor value! This headphones is worst for the price.,negative
"Fantastic laptop, delivery was fast and it is brilliant.",positive
Poor value! This headphones is disappointing for the price.,negative
Poor value! This phone is terrible for the price.,negative
"Smooth and amazing, this headphones never disappoints.",positive
"Smooth and fantastic, this watch never disappoints.",positive
Great value! This laptop is awesome for the price.,positive
"I am disappointed, the headphones is disappointing and slow.",negative
"This laptop is awful, one star from me.",negative
"I hate this headphones, it is dreadful.",negative
"I am disappointed, the phone is awful and slow.",negative
"Useless watch for my needs, completely bad.",negative
"This phone exceeded my expectations, truly wonderful.",positive
"I hate this phone, it is worst.",negative
"Top quality laptop, genuinely excellent experience.",positive
"Smooth and wonderful, this headphones never disappoints.",positive
"This phone did not meet expectations, truly broken.",negative
"Useless headphones for my needs, completely terrible.",negative
"I am disappointed, the laptop is bad and slow.",negative
"Smooth and awesome, this phone never disappoints.",positive
"This watch is wonderful, best purchase ever.",positive
"I hate this laptop, it is disappointing.",negative
Poor value! This headphones is horrible for the price.,negative
"This laptop is poor, one star from me.",negative
Poor value! This headphones is awful for the price.,negative
"I would never buy this phone again, it is useless.",negative
"Perfect headphones for my needs, absolutely superb.",positive
"I love my new phone, it is wonderful!",positive
Great value! This headphones is excellent for the price.,positive
"The headphones works outstanding, highly recommended.",positive
"This laptop is awesome, five stars from me.",positive
"This watch is awesome, five stars from me.",positive
"I would buy this watch again, it is great.",positive
"Perfect laptop for my needs, absolutely perfect.",positive
"I am impressed, the phone is perfect and reliable.",positive
"Super happy with this phone, it feels great.",positive
"This laptop did not meet expectations, truly terrible.",negative
"Perfect watch for my needs, absolutely great.",positive
Terrible phone! The quality is awful.,negative
"Awful watch, delivery was late and it is poor.",negative
My watch is fantastic and worth every penny.,positive
Great value! This watch is great for the price.,positive
"This headphones is useless, total waste of money.",negative
"This laptop is broken, total waste of money.",negative
My watch is terrible and broke in a week.,negative
"Very unhappy with this watch, it feels useless.",negative
My laptop is horrible and broke in a week.,negative
"Useless phone for my needs, completely useless.",negative
"I am impressed, the headphones is fantastic and reliable.",positive
"Wonderful watch, it works awesome out of the box.",positive
"This phone is superb, five stars from me.",positive
"Perfect watch for my needs, absolutely fantastic.",positive
"The watch works brilliant, highly recommended.",positive
"This phone exceeded my expectations, truly outstanding.",positive
"Fantastic watch, delivery was fast and it is superb.",positive
The battery and screen of this laptop are useless.,negative
The phone looks perfect and performs even better.,positive
"The phone stopped working, very awful.",negative
Excellent phone! The quality is perfect.,positive
"I love my new headphones, it is outstanding!",positive
"I would never buy this phone again, it is horrible.",negative
"Laggy and horrible, this watch always disappoints.",negative
"Low quality phone, genuinely worst experience.",negative
"Perfect headphones for my needs, absolutely amazing.",positive
"This headphones did not meet expectations, truly horrible.",negative
"This laptop is fantastic, my friends all want one.",positive
"Fantastic headphones, delivery was fast and it is superb.",positive
My phone is amazing and worth every penny.,positive
"The headphones is worst, I regret buying it.",negative
My watch is amazing and worth every penny.,positive
"Perfect headphones for my needs, absolutely amazing.",positive
"Useless headphones for my needs, completely bad.",negative
"This headphones is fantastic, best purchase ever.",positive
"I am impressed, the watch is outstanding and reliable.",positive
"This headphones is bad, total waste of money.",negative
"This headphones is poor, one star from me.",negative
"This watch is wonderful, five stars from me.",positive
"Smooth and outstanding, this phone never disappoints.",positive
Terrible headphones! The quality is poor.,negative
"I would buy this laptop again, it is awesome.",positive
"The headphones is great, I use it every day.",positive
"This watch is bad, one star from me.",negative
"Smooth and great, this phone never disappoints.",positive
"The laptop stopped working, very horrible.",negative
"This watch is bad, one star from me.",negative
"Fantastic phone, delivery was fast and it is amazing.",positive
"I would buy this watch again, it is amazing.",positive
The laptop looks awesome and performs even better.,positive
"This phone is brilliant, my friends all want one.",positive
Poor value! This phone is awful for the price.,negative
"This phone is perfect, my friends all want one.",positive
"This phone is wonderful, best purchase ever.",positive
"The phone is poor, I regret buying it.",negative
"This laptop is perfect, my friends all want one.",positive
"Top quality headphones, genuinely superb experience.",positive
"This laptop is outstanding, five stars from me.",positive
The watch looks disappointing and performs even worse.,negative
"Top quality watch, genuinely amazing experience.",positive
"Useless headphones for my needs, completely bad.",negative
"This phone is awesome, best purchase ever.",positive
"This headphones is awesome, five stars from me.",positive
"Smooth and awesome, this watch never disappoints.",positive
"I am impressed, the watch is outstanding and reliable.",positive
"Super happy with this laptop, it feels great.",positive
"I would never buy this watch again, it is awful.",negative
Excellent headphones! The quality is perfect.,positive
"The laptop is amazing, I use it every day.",positive
Poor value! This phone is dreadful for the price.,negative
My laptop is awesome and worth every penny.,positive
My laptop is broken and broke in a week.,negative
"This laptop is amazing, best purchase ever.",positive
The headphones looks useless and performs even worse.,negative
"This laptop exceeded my expectations, truly outstanding.",positive
"I love my new laptop, it is excellent!",positive
The watch looks terrible and performs even worse.,negative
Excellent phone! The quality is great.,positive
"This laptop is poor, do not buy it.",negative
"This headphones is horrible, one star from me.",negative
"This watch is useless, total waste of money.",negative
"This watch is wonderful, best purchase ever.",positive
"Laggy and broken, this watch always disappoints.",negative
Poor value! This watch is broken for the price.,negative
"Perfect watch for my needs, absolutely great.",positive
Excellent watch! The quality is awesome.,positive
"This laptop is brilliant, best purchase ever.",positive
"This laptop did not meet expectations, truly disappointing.",negative
My watch is dreadful and broke in a week.,negative
"Fantastic phone, delivery was fast and it is superb.",positive
"Top quality phone, genuinely perfect experience.",positive
Excellent watch! The quality is amazing.,positive
"I hate this watch, it is dreadful.",negative
"This headphones is bad, do not buy it.",negative
"I would buy this watch again, it is brilliant.",positive
"This phone is brilliant, five stars from me.",positive
"I hate this phone, it is horrible.",negative
"The watch stopped working, very dreadful.",negative
"This headphones is brilliant, five stars from me.",positive
"The headphones is poor, I regret buying it.",negative
The battery and screen of this phone are bad.,negative
Great value! This watch is amazing for the price.,positive
Terrible headphones! The quality is useless.,negative
"I hate this laptop, it is disappointing.",negative
Terrible phone! The quality is terrible.,negative
The battery and screen of this headphones are dreadful.,negative
The laptop looks fantastic and performs even better.,positive
"Super happy with this headphones, it feels awesome.",positive
"Fantastic laptop, delivery was fast and it is amazing.",positive
"This laptop is useless, do not buy it.",negative
"Awful watch, delivery was late and it is horrible.",negative
"The phone is poor, I regret buying it.",negative
"Horrible laptop, it failed horrible out of the box.",negative
"Laggy and poor, this watch always disappoints.",negative
"Perfect headphones for my needs, absolutely awesome.",positive
"Top quality laptop, genuinely perfect experience.",positive
"Horrible watch, it failed worst out of the box.",negative
"Awful laptop, delivery was late and it is bad.",negative
Excellent headphones! The quality is brilliant.,positive
Excellent laptop! The quality is awesome.,positive
"Wonderful phone, it works outstanding out of the box.",positive
"Useless laptop for my needs, completely disappointing.",negative
"I love my new laptop, it is superb!",positive
"The laptop stopped working, very worst.",negative
"This phone is outstanding, five stars from me.",positive
"Low quality laptop, genuinely worst experience.",negative
"Horrible headphones, it failed bad out of the box.",negative
"Wonderful laptop, it works wonderful out of the box.",positive
"Top quality phone, genuinely brilliant experience.",positive
"I love my new watch, it is awesome!",positive
"This headphones is disappointing, one star from me.",negative
Terrible headphones! The quality is dreadful.,negative
"I am disappointed, the laptop is bad and slow.",negative
Poor value! This laptop is useless for the price.,negative
"I am disappointed, the laptop is bad and slow.",negative
"I would buy this laptop again, it is brilliant.",positive
Terrible headphones! The quality is dreadful.,negative
My laptop is excellent and worth every penny.,positive
"This watch is awesome, my friends all want one.",positive
"This headphones is horrible, total waste of money.",negative
"Laggy and awful, this watch always disappoints.",negative
Poor value! This watch is horrible for the price.,negative
The phone looks wonderful and performs even better.,positive
"Horrible headphones, it failed dreadful out of the box.",negative
The phone looks superb and performs even better.,positive
"The laptop is broken, I regret buying it.",negative
The headphones looks great and performs even better.,positive
"I hate this watch, it is disappointing.",negative
"This watch exceeded my expectations, truly perfect.",positive
Excellent headphones! The quality is fantastic.,positive
"Horrible headphones, it failed dreadful out of the box.",negative
"I am impressed, the laptop is great and reliable.",positive
"This laptop is outstanding, best purchase ever.",positive
Great value! This laptop is amazing for the price.,positive
"This watch did not meet expectations, truly horrible.",negative
"Smooth and awesome, this laptop never disappoints.",positive
"I hate this headphones, it is useless.",negative
"This watch is amazing, my friends all want one.",positive
"Top quality headphones, genuinely brilliant experience.",positive
Great value! This watch is wonderful for the price.,positive
My phone is excellent and worth every penny.,positive
"This phone did not meet expectations, truly awful.",negative
"This headphones did not meet expectations, truly awful.",negative
"This laptop is fantastic, my friends all want one.",positive
"This phone is useless, do not buy it.",negative
"This watch is worst, one star from me.",negative
"Awful watch, delivery was late and it is poor.",negative
The watch looks poor and performs even worse.,negative
My watch is amazing and worth every penny.,positive
"The watch is useless, I regret buying it.",negative
"The watch works outstanding, highly recommended.",positive
My phone is poor and broke in a week.,negative
"I am disappointed, the phone is horrible and slow.",negative
The battery and screen of this phone are disappointing.,negative
"Very unhappy with this headphones, it feels bad.",negative
"I am impressed, the headphones is outstanding and reliable.",positive
"Perfect watch for my needs, absolutely amazing.",positive
The battery and screen of this headphones are perfect.,positive
"The laptop is poor, I regret buying it.",negative
"I am disappointed, the laptop is useless and slow.",negative
Terrible headphones! The quality is worst.,negative
"This headphones is perfect, my friends all want one.",positive
My phone is superb and worth every penny.,positive
"I am impressed, the phone is amazing and reliable.",positive
The battery and screen of this watch are wonderful.,positive
"Perfect headphones for my needs, absolutely excellent.",positive
Poor value! This watch is terrible for the price.,negative
"Very unhappy with this watch, it feels terrible.",negative
"The headphones works outstanding, highly recommended.",positive
"Horrible laptop, it failed horrible out of the box.",negative
Excellent laptop! The quality is excellent.,positive
"I would buy this headphones again, it is great.",positive
My headphones is poor and broke in a week.,negative
The battery and screen of this phone are wonderful.,positive
"Laggy and awful, this watch always disappoints.",negative
"Smooth and perfect, this phone never disappoints.",positive
"I love my new laptop, it is brilliant!",positive
"This watch did not meet expectations, truly worst.",negative
"This phone did not meet expectations, truly worst.",negative
"Smooth and amazing, this laptop never disappoints.",positive
"The phone is useless, I regret buying it.",negative
"Very unhappy with this watch, it feels poor.",negative
"I am disappointed, the laptop is awful and slow.",negative
"Awful phone, delivery was late and it is worst.",negative
"Top quality laptop, genuinely awesome experience.",positive
"I love my new watch, it is awesome!",positive
"Smooth and superb, this headphones never disappoints.",positive
"I would never buy this laptop again, it is awful.",negative
"The laptop is dreadful, I regret buying it.",negative
Great value! This phone is superb for the price.,positive
"This headphones is useless, total waste of money.",negative
"The watch is outstanding, I use it every day.",positive
"I would never buy this phone again, it is disappointing.",negative
"Laggy and useless, this watch always disappoints.",negative
Excellent laptop! The quality is amazing.,positive
"Super happy with this laptop, it feels excellent.",positive
"I am impressed, the laptop is superb and reliable.",positive
"Top quality watch, genuinely brilliant experience.",positive
"This phone did not meet expectations, truly broken.",negative
Excellent laptop! The quality is amazing.,positive
"The laptop is horrible, I regret buying it.",negative
Excellent laptop! The quality is outstanding.,positive
"This phone is superb, best purchase ever.",positive
"The watch stopped working, very useless.",negative
"This watch is bad, total waste of money.",negative
"The phone works outstanding, highly recommended.",positive
"The watch is worst, I regret buying it.",negative
"Laggy and awful, this laptop always disappoints.",negative
"This headphones is awful, do not buy it.",negative
Poor value! This phone is disappointing for the price.,negative
"Laggy and poor, this watch always disappoints.",negative
Great value! This phone is superb for the price.,positive
"The headphones works fantastic, highly recommended.",positive
Excellent headphones! The quality is awesome.,positive
"The phone stopped working, very broken.",negative
The laptop looks disappointing and performs even worse.,negative
"Super happy with this laptop, it feels amazing.",positive
My headphones is disappointing and broke in a week.,negative
"Perfect laptop for my needs, absolutely great.",positive
"I am impressed, the headphones is superb and reliable.",positive
The battery and screen of this watch are brilliant.,positive
"I am impressed, the laptop is fantastic and reliable.",positive
Poor value! This phone is useless for the price.,negative
"I would buy this headphones again, it is superb.",positive
"This phone is dreadful, one star from me.",negative
"This headphones is dreadful, total waste of money.",negative
"Horrible headphones, it failed awful out of the box.",negative
"This phone did not meet expectations, truly awful.",negative
"Perfect watch for my needs, absolutely outstanding.",positive
The headphones looks superb and performs even better.,positive
"Awful watch, delivery was late and it is horrible.",negative
"I love my new watch, it is excellent!",positive
Excellent headphones! The quality is brilliant.,positive
"I would buy this phone again, it is brilliant.",positive
The phone looks disappointing and performs even worse.,negative
"This headphones did not meet expectations, truly poor.",negative
"Low quality headphones, genuinely disappointing experience.",negative
The watch looks amazing and performs even better.,positive
"Laggy and disappointing, this headphones always disappoints.",negative
"Awful headphones, delivery was late and it is bad.",negative
The battery and screen of this watch are excellent.,positive
"Perfect laptop for my needs, absolutely perfect.",positive
"The watch stopped working, very disappointing.",negative
"The laptop is brilliant, I use it every day.",positive
"I would never buy this phone again, it is awful.",negative
"This watch is outstanding, best purchase ever.",positive
The battery and screen of this laptop are excellent.,positive
The watch looks superb and performs even better.,positive
"The headphones stopped working, very dreadful.",negative
"Laggy and disappointing, this watch always disappoints.",negative
"I would never buy this watch again, it is broken.",negative
"The headphones is wonderful, I use it every day.",positive
"Horrible laptop, it failed poor out of the box.",negative
"Awful watch, delivery was late and it is broken.",negative
"The headphones works excellent, highly recommended.",positive
"Wonderful headphones, it works perfect out of the box.",positive
"This headphones is superb, five stars from me.",positive
"Horrible headphones, it failed horrible out of the box.",negative
"Fantastic watch, delivery was fast and it is perfect.",positive
Great value! This watch is excellent for the price.,positive
"The headphones works fantastic, highly recommended.",positive
"Super happy with this laptop, it feels awesome.",positive
"I am impressed, the headphones is superb and reliable.",positive
Poor value! This headphones is poor for the price.,negative
"Smooth and outstanding, this watch never disappoints.",positive
The phone looks outstanding and performs even better.,positive
The battery and screen of this laptop are perfect.,positive
"I hate this headphones, it is poor.",negative
"Top quality watch, genuinely excellent experience.",positive
"Very unhappy with this phone, it feels bad.",negative
"Horrible headphones, it failed disappointing out of the box.",negative
"Low quality laptop, genuinely useless experience.",negative
The phone looks great and performs even better.,positive
"Wonderful phone, it works superb out of the box.",positive
"Horrible phone, it failed poor out of the box.",negative
"The headphones works wonderful, highly recommended.",positive
"Low quality phone, genuinely horrible experience.",negative
"Low quality watch, genuinely useless experience.",negative
The battery and screen of this phone are perfect.,positive
"Smooth and great, this headphones never disappoints.",positive
My laptop is disappointing and broke in a week.,negative
"Top quality headphones, genuinely outstanding experience.",positive
"Awful laptop, delivery was late and it is horrible.",negative
"The headphones stopped working, very broken.",negative
"This watch is outstanding, my friends all want one.",positive
"The phone stopped working, very bad.",negative
"This laptop is outstanding, five stars from me.",positive
"The laptop stopped working, very bad.",negative
"This laptop is fantastic, best purchase ever.",positive
"Wonderful headphones, it works amazing out of the box.",positive
My phone is superb and worth every penny.,positive
"I am impressed, the phone is excellent and reliable.",positive
"I hate this laptop, it is dreadful.",negative
"This phone is terrible, total waste of money.",negative
"This laptop is broken, one star from me.",negative
The phone looks broken and performs even worse.,negative
"Super happy with this laptop, it feels outstanding.",positive
"This headphones exceeded my expectations, truly perfect.",positive
"Fantastic laptop, delivery was fast and it is awesome.",positive
"Perfect phone for my needs, absolutely amazing.",positive
"Laggy and broken, this phone always disappoints.",negative
"Smooth and fantastic, this watch never disappoints.",positive
"I am impressed, the headphones is awesome and reliable.",positive
"This phone is amazing, best purchase ever.",positive
"I would buy this headphones again, it is fantastic.",positive
"This laptop is bad, total waste of money.",negative
My headphones is wonderful and worth every penny.,positive
"Wonderful laptop, it works great out of the box.",positive
"This watch did not meet expectations, truly dreadful.",negative
"This laptop is useless, one star from me.",negative
My laptop is bad and broke in a week.,negative
The battery and screen of this phone are horrible.,negative
"This phone is brilliant, my friends all want one.",positive
"Low quality headphones, genuinely horrible experience.",negative
The watch looks poor and performs even worse.,negative
"Wonderful phone, it works fantastic out of the box.",positive
"This phone is dreadful, do not buy it.",negative
"Wonderful headphones, it works brilliant out of the box.",positive
"Top quality headphones, genuinely awesome experience.",positive
"This laptop is useless, one star from me.",negative
"This watch is amazing, five stars from me.",positive
"The headphones is fantastic, I use it every day.",positive
"This phone is excellent, five stars from me.",positive
"I am impressed, the phone is brilliant and reliable.",positive
Poor value! This phone is terrible for the price.,negative
"I would buy this phone again, it is amazing.",positive
"Useless phone for my needs, completely terrible.",negative
"This phone did not meet expectations, truly disappointing.",negative
"I would buy this laptop again, it is amazing.",positive
"This phone is poor, one star from me.",negative
"Perfect watch for my needs, absolutely great.",positive
"Wonderful laptop, it works superb out of the box.",positive
"Wonderful phone, it works outstanding out of the box.",positive
"This watch did not meet expectations, truly worst.",negative
"Fantastic headphones, delivery was fast and it is perfect.",positive
"The laptop works great, highly recommended.",positive
"The phone is great, I use it every day.",positive
Terrible headphones! The quality is horrible.,negative
"I would buy this phone again, it is amazing.",positive
"Very unhappy with this phone, it feels useless.",negative
"Wonderful headphones, it works awesome out of the box.",positive
"Awful phone, delivery was late and it is worst.",negative
"This laptop is poor, total waste of money.",negative
The laptop looks wonderful and performs even better.,positive
"Horrible phone, it failed terrible out of the box.",negative
The headphones looks wonderful and performs even better.,positive
Excellent laptop! The quality is excellent.,positive
"This phone is excellent, my friends all want one.",positive
"This phone is wonderful, five stars from me.",positive
The battery and screen of this laptop are useless.,negative
"Fantastic headphones, delivery was fast and it is fantastic.",positive
"This phone is fantastic, best purchase ever.",positive
Poor value! This phone is worst for the price.,negative
"Useless headphones for my needs, completely dreadful.",negative
"This watch is fantastic, five stars from me.",positive
"This headphones is perfect, my friends all want one.",positive
My phone is disappointing and broke in a week.,negative
"I would buy this laptop again, it is great.",positive
"Perfect laptop for my needs, absolutely superb.",positive
"Laggy and bad, this watch always disappoints.",negative
"Wonderful headphones, it works amazing out of the box.",positive
My phone is disappointing and broke in a week.,negative
"The watch works perfect, highly recommended.",positive
My laptop is useless and broke in a week.,negative
"This laptop is superb, best purchase ever.",positive
"I am impressed, the phone is outstanding and reliable.",positive
Excellent headphones! The quality is superb.,positive
"This phone is great, best purchase ever.",positive
"The headphones works awesome, highly recommended.",positive
"Super happy with this laptop, it feels great.",positive
"This laptop exceeded my expectations, truly superb.",positive
My watch is awesome and worth every penny.,positive
"Horrible headphones, it failed dreadful out of the box.",negative
"Super happy with this headphones, it feels superb.",positive
"This laptop exceeded my expectations, truly great.",positive
"Useless phone for my needs, completely worst.",negative
The laptop looks brilliant and performs even better.,positive
"The watch is awful, I regret buying it.",negative
"The phone stopped working, very worst.",negative
"I would never buy this laptop again, it is poor.",negative
"Wonderful watch, it works awesome out of the box.",positive
Great value! This phone is great for the price.,positive
"This phone is perfect, my friends all want one.",positive
Excellent laptop! The quality is awesome.,positive
"Horrible watch, it failed poor out of the box.",negative
"This headphones is brilliant, best purchase ever.",positive
"The headphones is dreadful, I regret buying it.",negative
"This laptop is wonderful, my friends all want one.",positive
"This watch did not meet expectations, truly awful.",negative
"I would never buy this phone again, it is worst.",negative
"I am disappointed, the laptop is dreadful and slow.",negative
My headphones is wonderful and worth every penny.,positive
"This headphones is useless, total waste of money.",negative
The battery and screen of this headphones are superb.,positive
Excellent laptop! The quality is amazing.,positive
"This watch is brilliant, five stars from me.",positive
"This headphones is amazing, five stars from me.",positive
"Smooth and excellent, this watch never disappoints.",positive
"The headphones works awesome, highly recommended.",positive
"The headphones stopped working, very worst.",negative
"The headphones is outstanding, I use it every day.",positive
"Perfect laptop for my needs, absolutely outstanding.",positive
"This phone is useless, do not buy it.",negative
"Useless phone for my needs, completely bad.",negative
"I hate this watch, it is terrible.",negative
The battery and screen of this watch are perfect.,positive
"I love my new watch, it is great!",positive
"Top quality watch, genuinely perfect experience.",positive
"Fantastic phone, delivery was fast and it is fantastic.",positive
"Perfect headphones for my needs, absolutely outstanding.",positive
"Useless phone for my needs, completely dreadful.",negative
"Useless headphones for my needs, completely terrible.",negative
"I hate this headphones, it is terrible.",negative
"This headphones is worst, do not buy it.",negative
The phone looks outstanding and performs even better.,positive
"Laggy and poor, this watch always disappoints.",negative
"The phone is outstanding, I use it every day.",positive
"The watch is great, I use it every day.",positive
Poor value! This headphones is disappointing for the price.,negative
"This laptop is worst, one star from me.",negative
"Low quality watch, genuinely bad experience.",negative
"I am impressed, the watch is excellent and reliable.",positive
"The laptop stopped working, very awful.",negative
"Wonderful laptop, it works superb out of the box.",positive
"This watch exceeded my expectations, truly brilliant.",positive
"The watch stopped working, very useless.",negative
"Fantastic watch, delivery was fast and it is awesome.",positive
The battery and screen of this phone are broken.,negative
"I am impressed, the headphones is perfect and reliable.",positive
"The laptop is amazing, I use it every day.",positive
"This watch is superb, my friends all want one.",positive
"This laptop is amazing, my friends all want one.",positive
"This watch exceeded my expectations, truly superb.",positive
"I would buy this phone again, it is amazing.",positive
"I am disappointed, the phone is broken and slow.",negative
Great value! This phone is fantastic for the price.,positive
"Wonderful watch, it works superb out of the box.",positive
"This laptop is brilliant, five stars from me.",positive
"This phone exceeded my expectations, truly amazing.",positive
"Top quality watch, genuinely wonderful experience.",positive
Poor value! This laptop is broken for the price.,negative
Excellent phone! The quality is wonderful.,positive
"I am impressed, the phone is outstanding and reliable.",positive
"I hate this phone, it is broken.",negative
"The watch works fantastic, highly recommended.",positive
"I would never buy this watch again, it is dreadful.",negative
"Perfect watch for my needs, absolutely brilliant.",positive
"I am impressed, the laptop is amazing and reliable.",positive
"I love my new watch, it is great!",positive
"This headphones is superb, my friends all want one.",positive
Great value! This phone is perfect for the price.,positive
"I am disappointed, the watch is horrible and slow.",negative
"Low quality watch, genuinely awful experience.",negative
"Wonderful phone, it works fantastic out of the box.",positive
"I am impressed, the watch is wonderful and reliable.",positive
"Very unhappy with this watch, it feels dreadful.",negative
"The phone works excellent, highly recommended.",positive
"Wonderful laptop, it works outstanding out of the box.",positive
Terrible phone! The quality is useless.,negative
"Super happy with this watch, it feels brilliant.",positive
"Horrible watch, it failed worst out of the box.",negative
The laptop looks awesome and performs even better.,positive
The laptop looks excellent and performs even better.,positive
The battery and screen of this watch are horrible.,negative
"Wonderful laptop, it works fantastic out of the box.",positive
"I am impressed, the laptop is perfect and reliable.",positive
"Super happy with this phone, it feels superb.",positive
"The headphones works perfect, highly recommended.",positive
"Horrible phone, it failed terrible out of the box.",negative
Excellent watch! The quality is fantastic.,positive
"This laptop is disappointing, do not buy it.",negative
Excellent headphones! The quality is great.,positive
"I am disappointed, the laptop is terrible and slow.",negative
The headphones looks amazing and performs even better.,positive
"This headphones is great, my friends all want one.",positive
"Top quality headphones, genuinely amazing experience.",positive
"This watch is brilliant, my friends all want one.",positive
The battery and screen of this phone are poor.,negative
"Perfect watch for my needs, absolutely fantastic.",positive
Excellent laptop! The quality is awesome.,positive
The laptop looks wonderful and performs even better.,positive
"I hate this phone, it is broken.",negative
"Smooth and superb, this watch never disappoints.",positive
Great value! This phone is amazing for the price.,positive
"This watch is dreadful, one star from me.",negative
The headphones looks awesome and performs even better.,positive
"Awful laptop, delivery was late and it is horrible.",negative
"This headphones is brilliant, my friends all want one.",positive
"This phone is terrible, total waste of money.",negative
Terrible watch! The quality is dreadful.,negative
"I love my new watch, it is great!",positive
Poor value! This headphones is broken for the price.,negative
"This phone is useless, one star from me.",negative
"The headphones works wonderful, highly recommended.",positive
"This phone is great, five stars from me.",positive
The battery and screen of this watch are excellent.,positive
The headphones looks horrible and performs even worse.,negative
"I would buy this laptop again, it is excellent.",positive
The laptop looks fantastic and performs even better.,positive
"This watch is terrible, one star from me.",negative
"This headphones did not meet expectations, truly awful.",negative
Great value! This phone is perfect for the price.,positive
"This phone is brilliant, five stars from me.",positive
Terrible watch! The quality is awful.,negative
"I love my new watch, it is wonderful!",positive
"Horrible watch, it failed broken out of the box.",negative
The headphones looks terrible and performs even worse.,negative
"Very unhappy with this phone, it feels bad.",negative
The watch looks horrible and performs even worse.,negative
"This laptop is awesome, best purchase ever.",positive
My headphones is brilliant and worth every penny.,positive
My headphones is wonderful and worth every penny.,positive
"This watch did not meet expectations, truly horrible.",negative
"I would never buy this headphones again, it is terrible.",negative
"The laptop stopped working, very horrible.",negative
My laptop is bad and broke in a week.,negative
Terrible headphones! The quality is poor.,negative
"The watch is awesome, I use it every day.",positive
"Super happy with this headphones, it feels superb.",positive
Poor value! This phone is bad for the price.,negative
The battery and screen of this headphones are awful.,negative
"Low quality headphones, genuinely useless experience.",negative
"I am disappointed, the laptop is broken and slow.",negative
The battery and screen of this headphones are bad.,negative
"This phone is terrible, do not buy it.",negative
Terrible phone! The quality is worst.,negative
"This phone is disappointing, do not buy it.",negative
"This laptop is terrible, do not buy it.",negative
"Perfect watch for my needs, absolutely outstanding.",positive
My phone is awesome and worth every penny.,positive
"I love my new phone, it is great!",positive
"This phone is dreadful, one star from me.",negative
"Laggy and bad, this phone always disappoints.",negative
"This laptop did not meet expectations, truly bad.",negative
"This watch is broken, one star from me.",negative
Excellent watch! The quality is excellent.,positive
The battery and screen of this phone are horrible.,negative
Poor value! This headphones is useless for the price.,negative
"The headphones is terrible, I regret buying it.",negative
"This laptop is dreadful, total waste of money.",negative
The battery and screen of this phone are worst.,negative
"This phone exceeded my expectations, truly amazing.",positive
"Wonderful watch, it works superb out of the box.",positive
"Smooth and awesome, this watch never disappoints.",positive
The headphones looks amazing and performs even better.,positive
"This headphones is fantastic, my friends all want one.",positive
"The phone stopped working, very worst.",negative
"This laptop is superb, my friends all want one.",positive
"Fantastic watch, delivery was fast and it is outstanding.",positive
My phone is excellent and worth every penny.,positive
My phone is outstanding and worth every penny.,positive
"This headphones exceeded my expectations, truly fantastic.",positive
My headphones is awful and broke in a week.,negative
Great value! This laptop is perfect for the price.,positive
"Top quality headphones, genuinely great experience.",positive
"This phone is amazing, best purchase ever.",positive
"Perfect laptop for my needs, absolutely wonderful.",positive
"I hate this watch, it is dreadful.",negative
"This watch is disappointing, do not buy it.",negative
"Awful phone, delivery was late and it is horrible.",negative
"Awful laptop, delivery was late and it is broken.",negative
"Laggy and awful, this phone always disappoints.",negative
"I hate this phone, it is poor.",negative
My phone is dreadful and broke in a week.,negative
"This watch is fantastic, my friends all want one.",positive
"I hate this phone, it is terrible.",negative
"Useless headphones for my needs, completely dreadful.",negative
"Super happy with this laptop, it feels brilliant.",positive
"Perfect phone for my needs, absolutely brilliant.",positive
"This phone is broken, one star from me.",negative
The battery and screen of this headphones are brilliant.,positive
"This laptop is wonderful, my friends all want one.",positive
"I love my new headphones, it is excellent!",positive
Terrible headphones! The quality is awful.,negative
"The laptop works outstanding, highly recommended.",positive
"Top quality laptop, genuinely wonderful experience.",positive
Terrible headphones! The quality is horrible.,negative
Great value! This phone is outstanding for the price.,positive
"I am impressed, the watch is brilliant and reliable.",positive
"This headphones is disappointing, do not buy it.",negative
"Wonderful watch, it works fantastic out of the box.",positive
The battery and screen of this laptop are poor.,negative
The watch looks awesome and performs even better.,positive
"I love my new headphones, it is superb!",positive
"The laptop works excellent, highly recommended.",positive
"Smooth and wonderful, this laptop never disappoints.",positive
Excellent watch! The quality is wonderful.,positive
"This watch is perfect, five stars from me.",positive
"The phone works outstanding, highly recommended.",positive
"Fantastic laptop, delivery was fast and it is great.",positive
"This phone is superb, five stars from me.",positive
"This watch is bad, one star from me.",negative
"Awful laptop, delivery was late and it is disappointing.",negative
"The watch is wonderful, I use it every day.",positive
"This laptop is wonderful, five stars from me.",positive
Excellent laptop! The quality is great.,positive
"Very unhappy with this watch, it feels broken.",negative
"I would buy this phone again, it is superb.",positive
"This headphones exceeded my expectations, truly superb.",positive
"I am impressed, the phone is fantastic and reliable.",positive
"The laptop is dreadful, I regret buying it.",negative
"Laggy and broken, this phone always disappoints.",negative
"This watch exceeded my expectations, truly brilliant.",positive
"Very unhappy with this phone, it feels disappointing.",negative
"This headphones did not meet expectations, truly worst.",negative
"Laggy and broken, this watch always disappoints.",negative
"I hate this headphones, it is awful.",negative
The battery and screen of this watch are great.,positive
"I would buy this phone again, it is outstanding.",positive
"Low quality watch, genuinely awful experience.",negative
"I would buy this phone again, it is superb.",positive
"I am disappointed, the watch is terrible and slow.",negative
"Awful phone, delivery was late and it is poor.",negative
"Super happy with this headphones, it feels brilliant.",positive
My headphones is horrible and broke in a week.,negative
"The phone is useless, I regret buying it.",negative
The battery and screen of this headphones are worst.,negative
"Fantastic phone, delivery was fast and it is outstanding.",positive
"This phone is fantastic, my friends all want one.",positive
The watch looks great and performs even better.,positive
Excellent phone! The quality is amazing.,positive
"I hate this watch, it is broken.",negative
"This headphones is wonderful, five stars from me.",positive
The phone looks great and performs even better.,positive
"I am impressed, the phone is fantastic and reliable.",positive
Terrible laptop! The quality is useless.,negative
"Very unhappy with this phone, it feels worst.",negative
The laptop looks horrible and performs even worse.,negative
"Top quality headphones, genuinely perfect experience.",positive
"This headphones is superb, my friends all want one.",positive
Excellent laptop! The quality is great.,positive
"Wonderful laptop, it works excellent out of the box.",positive
"Super happy with this headphones, it feels superb.",positive
"Horrible phone, it failed poor out of the box.",negative
"Fantastic laptop, delivery was fast and it is superb.",positive
"The headphones is great, I use it every day.",positive
"I am disappointed, the headphones is dreadful and slow.",negative
The phone looks brilliant and performs even better.,positive
"This laptop is great, best purchase ever.",positive
My headphones is useless and broke in a week.,negative
"Awful headphones, delivery was late and it is dreadful.",negative
Poor value! This phone is horrible for the price.,negative
"The watch works amazing, highly recommended.",positive
"I would never buy this laptop again, it is awful.",negative
"I would never buy this headphones again, it is terrible.",negative
"This headphones is disappointing, one star from me.",negative
"I am impressed, the watch is amazing and reliable.",positive
"This phone is excellent, best purchase ever.",positive
"The phone works excellent, highly recommended.",positive
"Horrible headphones, it failed bad out of the box.",negative
"Fantastic watch, delivery was fast and it is outstanding.",positive
The watch looks bad and performs even worse.,negative
"This watch exceeded my expectations, truly outstanding.",positive
"Awful phone, delivery was late and it is awful.",negative
"Fantastic watch, delivery was fast and it is fantastic.",positive
"Horrible laptop, it failed broken out of the box.",negative
"This laptop is wonderful, five stars from me.",positive
"This headphones exceeded my expectations, truly great.",positive
Great value! This headphones is wonderful for the price.,positive
"This headphones is dreadful, total waste of money.",negative
"I hate this laptop, it is broken.",negative
Poor value! This phone is horrible for the price.,negative
"Useless phone for my needs, completely broken.",negative
"This headphones is terrible, total waste of money.",negative
"The phone is perfect, I use it every day.",positive
My headphones is poor and broke in a week.,negative
"I hate this headphones, it is horrible.",negative
"This headphones is brilliant, five stars from me.",positive
"Useless headphones for my needs, completely bad.",negative
"I hate this phone, it is worst.",negative
"Super happy with this laptop, it feels perfect.",positive
Excellent phone! The quality is great.,positive
The battery and screen of this headphones are brilliant.,positive
"Useless laptop for my needs, completely poor.",negative
"The laptop stopped working, very terrible.",negative
"Horrible headphones, it failed awful out of the box.",negative
"Smooth and outstanding, this watch never disappoints.",positive
The laptop looks great and performs even better.,positive
My laptop is dreadful and broke in a week.,negative
"This phone is excellent, my friends all want one.",positive
Poor value! This watch is broken for the price.,negative
"I love my new laptop, it is awesome!",positive
"This headphones is horrible, one star from me.",negative
"This watch is poor, total waste of money.",negative
The laptop looks fantastic and performs even better.,positive
"This laptop is useless, total waste of money.",negative
"Super happy with this watch, it feels excellent.",positive
"I am impressed, the phone is wonderful and reliable.",positive
"This phone is excellent, five stars from me.",positive
My headphones is outstanding and worth every penny.,positive
The battery and screen of this watch are superb.,positive
"This laptop is wonderful, five stars from me.",positive
"I would buy this watch again, it is brilliant.",positive
"Horrible phone, it failed broken out of the box.",negative
"I would never buy this phone again, it is awful.",negative
"I would buy this watch again, it is superb.",positive
Terrible watch! The quality is awful.,negative
"Useless phone for my needs, completely horrible.",negative
"Very unhappy with this laptop, it feels terrible.",negative
My phone is brilliant and worth every penny.,positive
"This watch is bad, do not buy it.",negative
"Smooth and amazing, this headphones never disappoints.",positive
The battery and screen of this phone are horrible.,negative
The battery and screen of this watch are horrible.,negative
"Useless watch for my needs, completely bad.",negative
The battery and screen of this headphones are perfect.,positive
"Top quality laptop, genuinely brilliant experience.",positive
"This laptop is broken, one star from me.",negative
"Super happy with this laptop, it feels amazing.",positive
The battery and screen of this laptop are excellent.,positive
"I am impressed, the phone is perfect and reliable.",positive
"I would never buy this headphones again, it is useless.",negative
"This watch is useless, one star from me.",negative
"The watch is disappointing, I regret buying it.",negative
"I am disappointed, the watch is awful and slow.",negative
"This phone is horrible, do not buy it.",negative
"This headphones is great, my friends all want one.",positive
The battery and screen of this phone are great.,positive
"I am impressed, the watch is brilliant and reliable.",positive
"The laptop works outstanding, highly recommended.",positive
Excellent watch! The quality is great.,positive
"Smooth and brilliant, this phone never disappoints.",positive
"This phone is dreadful, one star from me.",negative
"The phone works fantastic, highly recommended.",positive
Terrible watch! The quality is terrible.,negative
"This watch exceeded my expectations, truly excellent.",positive
"I am impressed, the headphones is great and reliable.",positive
"This phone is excellent, my friends all want one.",positive
"This headphones is perfect, five stars from me.",positive
Great value! This headphones is wonderful for the price.,positive
"The phone is horrible, I regret buying it.",negative
My headphones is great and worth every penny.,positive
"The phone is superb, I use it every day.",positive
"I love my new watch, it is wonderful!",positive
"I am impressed, the headphones is fantastic and reliable.",positive
"Awful watch, delivery was late and it is dreadful.",negative
"The laptop is fantastic, I use it every day.",positive
"Smooth and outstanding, this phone never disappoints.",positive
"Top quality laptop, genuinely great experience.",positive
My phone is wonderful and worth every penny.,positive
Excellent phone! The quality is wonderful.,positive
Poor value! This headphones is disappointing for the price.,negative
"This watch is poor, one star from me.",negative
"I am impressed, the laptop is wonderful and reliable.",positive
"This watch did not meet expectations, truly useless.",negative
"The watch stopped working, very poor.",negative
"This headphones is worst, one star from me.",negative
Excellent watch! The quality is awesome.,positive
"I am disappointed, the phone is bad and slow.",negative
"Smooth and wonderful, this phone never disappoints.",positive
The watch looks great and performs even better.,positive
"Fantastic laptop, delivery was fast and it is great.",positive
"Smooth and wonderful, this phone never disappoints.",positive
"This laptop is awesome, best purchase ever.",positive
Poor value! This headphones is horrible for the price.,negative
"This headphones is brilliant, best purchase ever.",positive
"Low quality phone, genuinely poor experience.",negative
Excellent laptop! The quality is amazing.,positive
The battery and screen of this phone are perfect.,positive
"I would never buy this laptop again, it is disappointing.",negative
"I hate this phone, it is broken.",negative
Excellent headphones! The quality is perfect.,positive
The headphones looks outstanding and performs even better.,positive
"This laptop is fantastic, five stars from me.",positive
The battery and screen of this headphones are horrible.,negative
"Fantastic watch, delivery was fast and it is outstanding.",positive
"Smooth and excellent, this watch never disappoints.",positive
"Very unhappy with this headphones, it feels useless.",negative
Excellent phone! The quality is great.,positive
Great value! This headphones is fantastic for the price.,positive
"This laptop is awesome, five stars from me.",positive
"The laptop stopped working, very horrible.",negative
"The laptop is worst, I regret buying it.",negative
"This laptop is superb, five stars from me.",positive
"This watch is superb, best purchase ever.",positive
The watch looks bad and performs even worse.,negative
"This phone is superb, best purchase ever.",positive
"Smooth and brilliant, this watch never disappoints.",positive
"Horrible watch, it failed useless out of the box.",negative
"I am disappointed, the watch is horrible and slow.",negative
"This laptop is awful, total waste of money.",negative
"This watch is terrible, one star from me.",negative
"Awful watch, delivery was late and it is disappointing.",negative
"The laptop stopped working, very horrible.",negative
"Laggy and awful, this phone always disappoints.",negative
"Laggy and dreadful, this headphones always disappoints.",negative
"Horrible watch, it failed broken out of the box.",negative
"Very unhappy with this phone, it feels broken.",negative
"Wonderful watch, it works awesome out of the box.",positive
"This watch is broken, total waste of money.",negative
"This phone is superb, best purchase ever.",positive
"Top quality headphones, genuinely brilliant experience.",positive
"The phone works outstanding, highly recommended.",positive
Terrible watch! The quality is awful.,negative
"Wonderful watch, it works outstanding out of the box.",positive
"I would never buy this watch again, it is awful.",negative
"This laptop exceeded my expectations, truly superb.",positive
"Horrible phone, it failed horrible out of the box.",negative
Great value! This phone is fantastic for the price.,positive
"This headphones is outstanding, my friends all want one.",positive
My headphones is horrible and broke in a week.,negative
Terrible headphones! The quality is horrible.,negative
"I would buy this headphones again, it is excellent.",positive
"I would never buy this watch again, it is useless.",negative
"Very unhappy with this watch, it feels awful.",negative
"Awful watch, delivery was late and it is dreadful.",negative
My phone is horrible and broke in a week.,negative
"Very unhappy with this phone, it feels useless.",negative
Poor value! This laptop is dreadful for the price.,negative
"Low quality headphones, genuinely disappointing experience.",negative
Poor value! This headphones is dreadful for the price.,negative
Excellent laptop! The quality is brilliant.,positive
"Low quality watch, genuinely horrible experience.",negative
My phone is wonderful and worth every penny.,positive
"Smooth and great, this headphones never disappoints.",positive
"I hate this watch, it is terrible.",negative
Terrible watch! The quality is useless.,negative
"I would buy this laptop again, it is superb.",positive
Terrible laptop! The quality is disappointing.,negative
"This phone is bad, one star from me.",negative
"I am disappointed, the laptop is dreadful and slow.",negative
"This watch is awesome, best purchase ever.",positive
"Super happy with this watch, it feels fantastic.",positive
"Perfect laptop for my needs, absolutely outstanding.",positive
Terrible headphones! The quality is disappointing.,negative
My laptop is fantastic and worth every penny.,positive
"Horrible headphones, it failed disappointing out of the box.",negative
The watch looks great and performs even better.,positive
The battery and screen of this watch are amazing.,positive
"I love my new phone, it is excellent!",positive
"Laggy and awful, this watch always disappoints.",negative
"This laptop is outstanding, best purchase ever.",positive
Terrible headphones! The quality is awful.,negative
"I am impressed, the phone is amazing and reliable.",positive
My headphones is fantastic and worth every penny.,positive
"Horrible phone, it failed worst out of the box.",negative
"This headphones is brilliant, my friends all want one.",positive
"Awful headphones, delivery was late and it is disappointing.",negative
"Super happy with this phone, it feels amazing.",positive
"Horrible watch, it failed dreadful out of the box.",negative
The laptop looks poor and performs even worse.,negative
"Very unhappy with this headphones, it feels worst.",negative
"I would never buy this laptop again, it is broken.",negative
"This headphones is awesome, five stars from me.",positive
"The watch works brilliant, highly recommended.",positive
"Low quality headphones, genuinely horrible experience.",negative
"Wonderful headphones, it works fantastic out of the box.",positive
"This phone exceeded my expectations, truly fantastic.",positive
"I would buy this headphones again, it is perfect.",positive
My laptop is dreadful and broke in a week.,negative
"This watch did not meet expectations, truly terrible.",negative
"This laptop is wonderful, best purchase ever.",positive
"This headphones is amazing, best purchase ever.",positive
"This headphones is excellent, best purchase ever.",positive
Terrible headphones! The quality is poor.,negative
The watch looks broken and performs even worse.,negative
"The phone is excellent, I use it every day.",positive
"I am impressed, the phone is fantastic and reliable.",positive
"Perfect watch for my needs, absolutely wonderful.",positive
"Top quality headphones, genuinely great experience.",positive
The battery and screen of this phone are awful.,negative
"I am disappointed, the headphones is disappointing and slow.",negative
"Useless phone for my needs, completely horrible.",negative
"I would buy this headphones again, it is great.",positive
Excellent headphones! The quality is awesome.,positive
The battery and screen of this headphones are terrible.,negative
"This headphones is perfect, five stars from me.",positive
"This phone did not meet expectations, truly awful.",negative
"Fantastic laptop, delivery was fast and it is superb.",positive
"The phone works outstanding, highly recommended.",positive
"This phone exceeded my expectations, truly amazing.",positive
"Smooth and wonderful, this headphones never disappoints.",positive
"This watch is horrible, do not buy it.",negative
"This laptop is bad, do not buy it.",negative
Great value! This laptop is amazing for the price.,positive
"This phone is horrible, total waste of money.",negative
"Top quality phone, genuinely brilliant experience.",positive
"I am disappointed, the headphones is useless and slow.",negative
"Fantastic laptop, delivery was fast and it is wonderful.",positive
"Perfect watch for my needs, absolutely amazing.",positive
"Very unhappy with this laptop, it feels disappointing.",negative
"This laptop exceeded my expectations, truly brilliant.",positive
"Super happy with this phone, it feels awesome.",positive
"This phone is excellent, five stars from me.",positive
"Fantastic headphones, delivery was fast and it is awesome.",positive
"Awful laptop, delivery was late and it is poor.",negative
"I hate this laptop, it is bad.",negative
"The headphones stopped working, very useless.",negative
"Smooth and awesome, this phone never disappoints.",positive
"The headphones is poor, I regret buying it.",negative
"Low quality phone, genuinely terrible experience.",negative
"I would never buy this laptop again, it is dreadful.",negative
"This headphones is awful, do not buy it.",negative
The headphones looks excellent and performs even better.,positive
"The phone works perfect, highly recommended.",positive
"This laptop is horrible, do not buy it.",negative
"Top quality phone, genuinely great experience.",positive
"Laggy and awful, this phone always disappoints.",negative
"This watch is awesome, five stars from me.",positive
"Smooth and outstanding, this watch never disappoints.",positive
"I would buy this phone again, it is amazing.",positive
"I love my new phone, it is outstanding!",positive
My watch is broken and broke in a week.,negative
My phone is bad and broke in a week.,negative
"The watch stopped working, very awful.",negative
"I would never buy this watch again, it is worst.",negative
"I would buy this watch again, it is awesome.",positive
"This watch is brilliant, five stars from me.",positive
"I would buy this watch again, it is amazing.",positive
The laptop looks worst and performs even worse.,negative
The battery and screen of this headphones are terrible.,negative
"This headphones is broken, one star from me.",negative
The phone looks broken and performs even worse.,negative
"Super happy with this laptop, it feels amazing.",positive
The watch looks perfect and performs even better.,positive
"Awful phone, delivery was late and it is awful.",negative
"I would buy this headphones again, it is perfect.",positive
"This laptop exceeded my expectations, truly awesome.",positive
"I would never buy this watch again, it is awful.",negative
"The phone is awesome, I use it every day.",positive
"Top quality watch, genuinely wonderful experience.",positive
"This phone is terrible, total waste of money.",negative
The battery and screen of this watch are dreadful.,negative
"Useless phone for my needs, completely terrible.",negative
"Fantastic headphones, delivery was fast and it is brilliant.",positive
"Wonderful watch, it works great out of the box.",positive
Great value! This laptop is brilliant for the price.,positive
"This laptop exceeded my expectations, truly great.",positive
"I would never buy this phone again, it is broken.",negative
"Top quality headphones, genuinely outstanding experience.",positive
"The watch is outstanding, I use it every day.",positive
"This headphones did not meet expectations, truly worst.",negative
My laptop is bad and broke in a week.,negative
"Wonderful laptop, it works awesome out of the box.",positive
"Top quality watch, genuinely brilliant experience.",positive
"Fantastic watch, delivery was fast and it is fantastic.",positive
"This laptop is broken, one star from me.",negative
The phone looks great and performs even better.,positive
"I would never buy this headphones again, it is terrible.",negative
"This watch is worst, total waste of money.",negative
"This laptop is outstanding, my friends all want one.",positive
"Super happy with this phone, it feels brilliant.",positive
"Perfect phone for my needs, absolutely amazing.",positive
My laptop is horrible and broke in a week.,negative
Great value! This laptop is great for the price.,positive
"I hate this headphones, it is broken.",negative
"The laptop is dreadful, I regret buying it.",negative
"I am impressed, the laptop is superb and reliable.",positive
The headphones looks excellent and performs even better.,positive
"This laptop is poor, do not buy it.",negative
"Low quality watch, genuinely dreadful experience.",negative
"Smooth and great, this watch never disappoints.",positive
"I would never buy this laptop again, it is poor.",negative
"Low quality watch, genuinely terrible experience.",negative
"Horrible headphones, it failed awful out of the box.",negative
Poor value! This laptop is disappointing for the price.,negative
"This headphones did not meet expectations, truly awful.",negative
Poor value! This laptop is bad for the price.,negative
"This phone did not meet expectations, truly worst.",negative
My laptop is great and worth every penny.,positive
"The headphones is dreadful, I regret buying it.",negative
"Awful watch, delivery was late and it is disappointing.",negative
"The phone stopped working, very dreadful.",negative
"I hate this phone, it is horrible.",negative
"Horrible laptop, it failed terrible out of the box.",negative
The headphones looks terrible and performs even worse.,negative
"This phone did not meet expectations, truly horrible.",negative
Excellent headphones! The quality is superb.,positive
"I hate this headphones, it is bad.",negative
"This phone is dreadful, do not buy it.",negative
"Useless watch for my needs, completely dreadful.",negative
"This laptop is outstanding, five stars from me.",positive
"I am disappointed, the headphones is dreadful and slow.",negative
"Very unhappy with this laptop, it feels worst.",negative
"Wonderful phone, it works wonderful out of the box.",positive
"I hate this headphones, it is dreadful.",negative
Terrible laptop! The quality is horrible.,negative
Terrible phone! The quality is disappointing.,negative
My phone is perfect and worth every penny.,positive
"The laptop works brilliant, highly recommended.",positive
The battery and screen of this watch are poor.,negative
"Low quality watch, genuinely terrible experience.",negative
Terrible headphones! The quality is poor.,negative
The watch looks awesome and performs even better.,positive
"Top quality phone, genuinely excellent experience.",positive
My headphones is useless and broke in a week.,negative
"This watch did not meet expectations, truly useless.",negative
"This watch is worst, do not buy it.",negative
"Laggy and awful, this headphones always disappoints.",negative
"This headphones did not meet expectations, truly awful.",negative
My laptop is terrible and broke in a week.,negative
The laptop looks great and performs even better.,positive
"This headphones is superb, best purchase ever.",positive
"I hate this watch, it is disappointing.",negative
"This laptop is useless, do not buy it.",negative
"I hate this laptop, it is useless.",negative
"I am impressed, the watch is outstanding and reliable.",positive
"This headphones is excellent, my friends all want one.",positive
"Fantastic phone, delivery was fast and it is perfect.",positive
"This watch is excellent, best purchase ever.",positive
"Very unhappy with this laptop, it feels useless.",negative
"Wonderful watch, it works great out of the box.",positive
"Useless laptop for my needs, completely horrible.",negative
"I am impressed, the phone is excellent and reliable.",positive
"I would never buy this laptop again, it is useless.",negative
"Laggy and terrible, this headphones always disappoints.",negative
"This watch is outstanding, five stars from me.",positive
"This phone is outstanding, my friends all want one.",positive
The battery and screen of this phone are disappointing.,negative
"Perfect headphones for my needs, absolutely great.",positive
"Awful phone, delivery was late and it is dreadful.",negative
"I hate this phone, it is horrible.",negative
"Very unhappy with this laptop, it feels awful.",negative
My phone is brilliant and worth every penny.,positive
My headphones is awful and broke in a week.,negative
"Top quality headphones, genuinely excellent experience.",positive
Excellent phone! The quality is wonderful.,positive
"Wonderful phone, it works awesome out of the box.",positive
"This headphones exceeded my expectations, truly wonderful.",positive
Poor value! This headphones is broken for the price.,negative
"This phone exceeded my expectations, truly outstanding.",positive
"This headphones is fantastic, five stars from me.",positive
"This watch is broken, do not buy it.",negative
"Wonderful watch, it works awesome out of the box.",positive
Terrible laptop! The quality is disappointing.,negative
"This headphones is excellent, best purchase ever.",positive
Terrible headphones! The quality is disappointing.,negative
"Wonderful watch, it works perfect out of the box.",positive
"I am impressed, the headphones is outstanding and reliable.",positive
"This phone is useless, total waste of money.",negative
My phone is excellent and worth every penny.,positive
"The phone works great, highly recommended.",positive
"The laptop stopped working, very awful.",negative
"This laptop is poor, one star from me.",negative
"Very unhappy with this laptop, it feels worst.",negative
"Fantastic headphones, delivery was fast and it is great.",positive
"This watch is awesome, five stars from me.",positive
"I hate this watch, it is dreadful.",negative
"I love my new phone, it is great!",positive
"I hate this watch, it is useless.",negative
"This headphones is awful, do not buy it.",negative
My laptop is perfect and worth every penny.,positive
"The headphones is worst, I regret buying it.",negative
"I am impressed, the phone is fantastic and reliable.",positive
"The headphones is excellent, I use it every day.",positive
My laptop is excellent and worth every penny.,positive
"I hate this watch, it is broken.",negative
"Super happy with this laptop, it feels wonderful.",positive
The battery and screen of this laptop are poor.,negative
"Low quality watch, genuinely worst experience.",negative
"Perfect phone for my needs, absolutely brilliant.",positive
The laptop looks fantastic and performs even better.,positive
"I would never buy this watch again, it is broken.",negative
"This headphones is broken, total waste of money.",negative
"Awful phone, delivery was late and it is disappointing.",negative
The laptop looks useless and performs even worse.,negative
"I am disappointed, the watch is poor and slow.",negative
My laptop is excellent and worth every penny.,positive
"Awful headphones, delivery was late and it is dreadful.",negative
"Low quality watch, genuinely useless experience.",negative
"The laptop is superb, I use it every day.",positive
My phone is disappointing and broke in a week.,negative
Poor value! This laptop is bad for the price.,negative
"Low quality phone, genuinely dreadful experience.",negative
"Laggy and terrible, this laptop always disappoints.",negative
"The phone works outstanding, highly recommended.",positive
Poor value! This laptop is horrible for the price.,negative
"Useless watch for my needs, completely horrible.",negative
The watch looks poor and performs even worse.,negative
"Laggy and bad, this phone always disappoints.",negative
"The watch is fantastic, I use it every day.",positive
"Wonderful laptop, it works perfect out of the box.",positive
The battery and screen of this watch are dreadful.,negative
"The phone stopped working, very terrible.",negative
The battery and screen of this laptop are dreadful.,negative
"Horrible laptop, it failed bad out of the box.",negative
"I hate this laptop, it is worst.",negative
"Fantastic laptop, delivery was fast and it is excellent.",positive
"Fantastic watch, delivery was fast and it is great.",positive
"The headphones is wonderful, I use it every day.",positive
The phone looks terrible and performs even worse.,negative
The watch looks superb and performs even better.,positive
The battery and screen of this headphones are worst.,negative
"I am disappointed, the watch is terrible and slow.",negative
"I am impressed, the watch is superb and reliable.",positive
My watch is useless and broke in a week.,negative
Excellent laptop! The quality is wonderful.,positive
"Laggy and disappointing, this watch always disappoints.",negative
"Low quality phone, genuinely broken experience.",negative
"This laptop exceeded my expectations, truly superb.",positive
"Useless headphones for my needs, completely useless.",negative
Great value! This laptop is fantastic for the price.,positive
The battery and screen of this headphones are great.,positive
"This phone is horrible, do not buy it.",negative
"Super happy with this watch, it feels perfect.",positive
"Very unhappy with this watch, it feels bad.",negative
"Wonderful laptop, it works amazing out of the box.",positive
"Very unhappy with this laptop, it feels bad.",negative
"I hate this laptop, it is poor.",negative
"This watch is disappointing, one star from me.",negative
"The watch is awful, I regret buying it.",negative
"Super happy with this headphones, it feels wonderful.",positive
The battery and screen of this laptop are horrible.,negative
"Perfect headphones for my needs, absolutely amazing.",positive
"This headphones is excellent, best purchase ever.",positive
Great value! This phone is wonderful for the price.,positive
"I hate this laptop, it is bad.",negative
Great value! This headphones is brilliant for the price.,positive
"Wonderful headphones, it works awesome out of the box.",positive
"This watch is bad, one star from me.",negative
My laptop is excellent and worth every penny.,positive
"I would buy this watch again, it is fantastic.",positive
"Low quality headphones, genuinely poor experience.",negative
"This headphones is wonderful, five stars from me.",positive
"Smooth and perfect, this laptop never disappoints.",positive
"Smooth and fantastic, this laptop never disappoints.",positive
The battery and screen of this headphones are great.,positive
The laptop looks useless and performs even worse.,negative
"Perfect laptop for my needs, absolutely awesome.",positive
"Top quality phone, genuinely great experience.",positive
"This phone is dreadful, total waste of money.",negative
"I would buy this headphones again, it is amazing.",positive
Terrible watch! The quality is terrible.,negative
"I would never buy this phone again, it is poor.",negative
"This laptop is excellent, five stars from me.",positive
"Low quality phone, genuinely bad experience.",negative
The watch looks great and performs even better.,positive
"The headphones is excellent, I use it every day.",positive
"This headphones is perfect, my friends all want one.",positive
"Horrible watch, it failed dreadful out of the box.",negative
My laptop is bad and broke in a week.,negative
"This headphones exceeded my expectations, truly perfect.",positive
"Top quality headphones, genuinely perfect experience.",positive
The battery and screen of this laptop are brilliant.,positive
Poor value! This laptop is poor for the price.,negative
"Wonderful laptop, it works great out of the box.",positive
"Perfect watch for my needs, absolutely brilliant.",positive
My laptop is worst and broke in a week.,negative
My watch is excellent and worth every penny.,positive
"This headphones is awesome, my friends all want one.",positive
"The watch is useless, I regret buying it.",negative
"Horrible headphones, it failed bad out of the box.",negative
"The headphones is great, I use it every day.",positive
"The laptop is poor, I regret buying it.",negative
"This laptop is wonderful, best purchase ever.",positive
The laptop looks broken and performs even worse.,negative
"I am impressed, the laptop is wonderful and reliable.",positive
"Useless laptop for my needs, completely useless.",negative
"Laggy and useless, this watch always disappoints.",negative
My phone is dreadful and broke in a week.,negative
"Perfect headphones for my needs, absolutely amazing.",positive
"Top quality headphones, genuinely outstanding experience.",positive
"This laptop is amazing, five stars from me.",positive
"The phone is disappointing, I regret buying it.",negative
The headphones looks awful and performs even worse.,negative
"This headphones is wonderful, five stars from me.",positive
"Low quality phone, genuinely terrible experience.",negative
Terrible headphones! The quality is dreadful.,negative
"This phone is wonderful, best purchase ever.",positive
"Top quality headphones, genuinely wonderful experience.",positive
"Low quality phone, genuinely horrible experience.",negative
"I hate this phone, it is useless.",negative
"This phone is amazing, my friends all want one.",positive
"This watch is wonderful, five stars from me.",positive
Excellent phone! The quality is wonderful.,positive
"The watch is wonderful, I use it every day.",positive
"Perfect phone for my needs, absolutely fantastic.",positive
The headphones looks amazing and performs even better.,positive
"I am disappointed, the phone is broken and slow.",negative
"Top quality phone, genuinely fantastic experience.",positive
"Super happy with this phone, it feels perfect.",positive
My headphones is broken and broke in a week.,negative
"The watch is awful, I regret buying it.",negative
"Low quality headphones, genuinely awful experience.",negative
Excellent phone! The quality is excellent.,positive
"Top quality laptop, genuinely brilliant experience.",positive
"Very unhappy with this watch, it feels worst.",negative
"I am impressed, the laptop is great and reliable.",positive
"This watch is broken, total waste of money.",negative
"Very unhappy with this laptop, it feels bad.",negative
"Fantastic laptop, delivery was fast and it is brilliant.",positive
"Laggy and disappointing, this laptop always disappoints.",negative
"The headphones is disappointing, I regret buying it.",negative
"Smooth and fantastic, this laptop never disappoints.",positive
The battery and screen of this phone are brilliant.,positive
"This phone is outstanding, my friends all want one.",positive
My laptop is brilliant and worth every penny.,positive
The battery and screen of this watch are fantastic.,positive
The battery and screen of this laptop are horrible.,negative
"The laptop is wonderful, I use it every day.",positive
"I hate this headphones, it is awful.",negative
Terrible laptop! The quality is useless.,negative
The watch looks awesome and performs even better.,positive
My watch is superb and worth every penny.,positive
"This phone is terrible, one star from me.",negative
"I love my new watch, it is perfect!",positive
"The watch is bad, I regret buying it.",negative
"Very unhappy with this phone, it feels dreadful.",negative
"Low quality phone, genuinely dreadful experience.",negative
"The headphones is outstanding, I use it every day.",positive
"This watch did not meet expectations, truly bad.",negative
"Horrible phone, it failed poor out of the box.",negative
"This phone is fantastic, best purchase ever.",positive
Excellent watch! The quality is awesome.,positive
"This phone is poor, one star from me.",negative
"Very unhappy with this watch, it feels horrible.",negative
"This laptop is wonderful, my friends all want one.",positive
"I would buy this headphones again, it is fantastic.",positive
"I would never buy this laptop again, it is useless.",negative
The battery and screen of this watch are useless.,negative
"Fantastic headphones, delivery was fast and it is wonderful.",positive
The headphones looks great and performs even better.,positive
"The phone works wonderful, highly recommended.",positive
"This headphones is bad, do not buy it.",negative
"Perfect watch for my needs, absolutely brilliant.",positive
"I am impressed, the phone is outstanding and reliable.",positive
The battery and screen of this headphones are excellent.,positive
"The phone works great, highly recommended.",positive
"I love my new laptop, it is superb!",positive
"I would buy this watch again, it is wonderful.",positive
"I hate this laptop, it is terrible.",negative
"I love my new phone, it is superb!",positive
"Wonderful laptop, it works great out of the box.",positive
"This headphones is terrible, do not buy it.",negative
"This headphones did not meet expectations, truly dreadful.",negative
The battery and screen of this watch are useless.,negative
"I would buy this phone again, it is amazing.",positive
Terrible watch! The quality is dreadful.,negative
"Perfect phone for my needs, absolutely wonderful.",positive
"This headphones is great, five stars from me.",positive
Poor value! This phone is worst for the price.,negative
"Awful headphones, delivery was late and it is awful.",negative
"Low quality watch, genuinely awful experience.",negative
"This phone is awesome, five stars from me.",positive
"This watch did not meet expectations, truly worst.",negative
"I would never buy this phone again, it is disappointing.",negative
"Awful laptop, delivery was late and it is awful.",negative
My laptop is outstanding and worth every penny.,positive
"This watch is amazing, best purchase ever.",positive
"This watch did not meet expectations, truly broken.",negative
"This phone is fantastic, my friends all want one.",positive
"This watch is dreadful, one star from me.",negative
Terrible laptop! The quality is horrible.,negative
"The headphones stopped working, very dreadful.",negative
Excellent headphones! The quality is perfect.,positive
Poor value! This headphones is disappointing for the price.,negative
"This headphones is terrible, total waste of money.",negative
"The phone stopped working, very poor.",negative
"The headphones stopped working, very terrible.",negative
Excellent watch! The quality is perfect.,positive
"Fantastic laptop, delivery was fast and it is amazing.",positive
"This watch is useless, total waste of money.",negative
"Top quality phone, genuinely fantastic experience.",positive
"Perfect phone for my needs, absolutely brilliant.",positive
Great value! This headphones is fantastic for the price.,positive
"This headphones is outstanding, my friends all want one.",positive
"The headphones is superb, I use it every day.",positive
"This watch did not meet expectations, truly bad.",negative
"Laggy and useless, this laptop always disappoints.",negative
"Smooth and brilliant, this phone never disappoints.",positive
Terrible laptop! The quality is dreadful.,negative
"The laptop stopped working, very horrible.",negative
"Horrible watch, it failed awful out of the box.",negative
Terrible phone! The quality is worst.,negative
The laptop looks awesome and performs even better.,positive
"This laptop is great, my friends all want one.",positive
"Wonderful laptop, it works outstanding out of the box.",positive
"I am disappointed, the headphones is worst and slow.",negative
"This phone exceeded my expectations, truly perfect.",positive
"Horrible headphones, it failed disappointing out of the box.",negative
"The laptop is wonderful, I use it every day.",positive
My watch is worst and broke in a week.,negative
"This phone is disappointing, one star from me.",negative
"Horrible laptop, it failed terrible out of the box.",negative
"This headphones exceeded my expectations, truly outstanding.",positive
"Top quality phone, genuinely excellent experience.",positive
The battery and screen of this laptop are poor.,negative
"This phone is perfect, five stars from me.",positive
My phone is useless and broke in a week.,negative
The phone looks awful and performs even worse.,negative
"Smooth and outstanding, this laptop never disappoints.",positive
"This headphones is awful, do not buy it.",negative
The headphones looks brilliant and performs even better.,positive
"Laggy and disappointing, this headphones always disappoints.",negative
"The watch is awesome, I use it every day.",positive
"The phone works outstanding, highly recommended.",positive
"Laggy and poor, this headphones always disappoints.",negative
"I would buy this headphones again, it is awesome.",positive
"This phone is terrible, do not buy it.",negative
"Low quality watch, genuinely terrible experience.",negative
"I am disappointed, the watch is useless and slow.",negative
"The watch works awesome, highly recommended.",positive
Terrible phone! The quality is bad.,negative
"I am impressed, the watch is amazing and reliable.",positive
"This laptop exceeded my expectations, truly perfect.",positive
"I hate this phone, it is broken.",negative
"Smooth and superb, this headphones never disappoints.",positive
"Fantastic laptop, delivery was fast and it is perfect.",positive
"I would buy this watch again, it is great.",positive
The watch looks fantastic and performs even better.,positive
My watch is amazing and worth every penny.,positive
"Perfect phone for my needs, absolutely perfect.",positive
"Perfect headphones for my needs, absolutely perfect.",positive
"The phone is superb, I use it every day.",positive
The phone looks poor and performs even worse.,negative
"Laggy and awful, this watch always disappoints.",negative
"Super happy with this phone, it feels fantastic.",positive
The battery and screen of this laptop are awful.,negative
"This laptop is outstanding, my friends all want one.",positive
"Awful headphones, delivery was late and it is useless.",negative
"I love my new watch, it is brilliant!",positive
"Low quality headphones, genuinely awful experience.",negative
"I would never buy this watch again, it is bad.",negative
My phone is amazing and worth every penny.,positive
Terrible headphones! The quality is bad.,negative
"Useless phone for my needs, completely poor.",negative
"Super happy with this headphones, it feels wonderful.",positive
"This watch is wonderful, best purchase ever.",positive
The battery and screen of this headphones are fantastic.,positive
"I would buy this laptop again, it is outstanding.",positive
Terrible phone! The quality is bad.,negative
Great value! This headphones is great for the price.,positive
The headphones looks outstanding and performs even better.,positive
"The headphones stopped working, very disappointing.",negative
Great value! This watch is brilliant for the price.,positive
"This watch is bad, do not buy it.",negative
"The phone stopped working, very worst.",negative
Poor value! This phone is dreadful for the price.,negative
"The watch is superb, I use it every day.",positive
"Awful phone, delivery was late and it is horrible.",negative
"Top quality watch, genuinely great experience.",positive
"I am disappointed, the watch is awful and slow.",negative
"Low quality headphones, genuinely disappointing experience.",negative
"This laptop is excellent, five stars from me.",positive
"This laptop exceeded my expectations, truly fantastic.",positive
"Smooth and awesome, this phone never disappoints.",positive
"Fantastic laptop, delivery was fast and it is great.",positive
My phone is terrible and broke in a week.,negative
"Useless phone for my needs, completely dreadful.",negative
"The watch works outstanding, highly recommended.",positive
The battery and screen of this headphones are disappointing.,negative
"Smooth and fantastic, this headphones never disappoints.",positive
"Awful watch, delivery was late and it is poor.",negative
"Top quality laptop, genuinely outstanding experience.",positive
The watch looks perfect and performs even better.,positive
"This watch is excellent, my friends all want one.",positive
"Fantastic phone, delivery was fast and it is fantastic.",positive
"Fantastic headphones, delivery was fast and it is fantastic.",positive
"This laptop exceeded my expectations, truly amazing.",positive
"I hate this laptop, it is disappointing.",negative
"I am impressed, the laptop is excellent and reliable.",positive
Poor value! This phone is poor for the price.,negative
"I hate this watch, it is worst.",negative
"This watch is broken, total waste of money.",negative
Poor value! This phone is terrible for the price.,negative
"Laggy and dreadful, this headphones always disappoints.",negative
My phone is bad and broke in a week.,negative
"Top quality watch, genuinely superb experience.",positive
"I am impressed, the headphones is brilliant and reliable.",positive
"This headphones is fantastic, my friends all want one.",positive
"This watch is bad, one star from me.",negative
"Laggy and dreadful, this laptop always disappoints.",negative
"This headphones is disappointing, one star from me.",negative
"I hate this watch, it is bad.",negative
"This phone is superb, my friends all want one.",positive
"The laptop is awesome, I use it every day.",positive
"The headphones is awesome, I use it every day.",positive
The battery and screen of this watch are terrible.,negative
"This headphones is excellent, five stars from me.",positive
"Fantastic laptop, delivery was fast and it is amazing.",positive
The phone looks great and performs even better.,positive
"The laptop is superb, I use it every day.",positive
Great value! This watch is superb for the price.,positive
"I am impressed, the phone is amazing and reliable.",positive
"This laptop is awful, do not buy it.",negative
"This watch is broken, do not buy it.",negative
"Low quality phone, genuinely awful experience.",negative
"This laptop is horrible, do not buy it.",negative
"Super happy with this laptop, it feels great.",positive
"This phone exceeded my expectations, truly brilliant.",positive
"This headphones is excellent, my friends all want one.",positive
"Perfect phone for my needs, absolutely great.",positive
"This phone is awesome, best purchase ever.",positive
"Horrible phone, it failed useless out of the box.",negative
"Wonderful headphones, it works awesome out of the box.",positive
"This laptop is excellent, five stars from me.",positive
"Wonderful watch, it works fantastic out of the box.",positive
The battery and screen of this watch are outstanding.,positive
"Super happy with this headphones, it feels awesome.",positive
"I would buy this headphones again, it is wonderful.",positive
"I am disappointed, the laptop is bad and slow.",negative
"Wonderful watch, it works outstanding out of the box.",positive
"I would never buy this headphones again, it is useless.",negative
Excellent watch! The quality is awesome.,positive
"Low quality headphones, genuinely horrible experience.",negative
Great value! This headphones is superb for the price.,positive
"The phone is outstanding, I use it every day.",positive
"Awful phone, delivery was late and it is poor.",negative
"This watch exceeded my expectations, truly excellent.",positive
The watch looks poor and performs even worse.,negative
"Useless laptop for my needs, completely useless.",negative
"This phone is terrible, one star from me.",negative
"This laptop is poor, total waste of money.",negative
"Super happy with this headphones, it feels wonderful.",positive
The battery and screen of this laptop are broken.,negative
"This watch is bad, one star from me.",negative
"Horrible headphones, it failed bad out of the box.",negative
"The phone is poor, I regret buying it.",negative
Terrible headphones! The quality is useless.,negative
"This laptop is excellent, best purchase ever.",positive
"I would never buy this headphones again, it is awful.",negative
"This watch is poor, one star from me.",negative
"The headphones is awful, I regret buying it.",negative
"This laptop is superb, five stars from me.",positive
"Laggy and broken, this phone always disappoints.",negative
"Top quality phone, genuinely brilliant experience.",positive
"This headphones is fantastic, best purchase ever.",positive
"This phone exceeded my expectations, truly brilliant.",positive
The watch looks superb and performs even better.,positive
My phone is horrible and broke in a week.,negative
"This laptop is fantastic, best purchase ever.",positive
"Top quality laptop, genuinely perfect experience.",positive
"This watch is brilliant, best purchase ever.",positive
"This laptop is perfect, five stars from me.",positive
"I would never buy this laptop again, it is bad.",negative
The watch looks disappointing and performs even worse.,negative
"I love my new headphones, it is perfect!",positive
"The laptop works great, highly recommended.",positive
"The laptop stopped working, very awful.",negative
The battery and screen of this phone are horrible.,negative
"Useless headphones for my needs, completely dreadful.",negative
"Horrible headphones, it failed poor out of the box.",negative
"Smooth and excellent, this phone never disappoints.",positive
"Smooth and superb, this watch never disappoints.",positive
"Top quality laptop, genuinely awesome experience.",positive
"Low quality laptop, genuinely bad experience.",negative
"Horrible laptop, it failed terrible out of the box.",negative
"I am impressed, the watch is fantastic and reliable.",positive
"Low quality watch, genuinely bad experience.",negative
"This phone is awesome, five stars from me.",positive
"Very unhappy with this phone, it feels worst.",negative
"Very unhappy with this laptop, it feels bad.",negative
"This headphones is superb, my friends all want one.",positive
The battery and screen of this laptop are useless.,negative
"I am impressed, the headphones is brilliant and reliable.",positive
"The phone is awful, I regret buying it.",negative
"Super happy with this watch, it feels wonderful.",positive
"Awful watch, delivery was late and it is horrible.",negative
My watch is poor and broke in a week.,negative
"Laggy and horrible, this laptop always disappoints.",negative
"This watch is disappointing, one star from me.",negative
"Low quality watch, genuinely awful experience.",negative
"Top quality watch, genuinely brilliant experience.",positive
"Laggy and broken, this phone always disappoints.",negative
"Useless watch for my needs, completely broken.",negative
Excellent phone! The quality is perfect.,positive
Poor value! This watch is worst for the price.,negative
"This headphones is outstanding, best purchase ever.",positive
"This watch is broken, one star from me.",negative
"Perfect laptop for my needs, absolutely perfect.",positive
Great value! This phone is outstanding for the price.,positive
"The headphones is dreadful, I regret buying it.",negative
"I would never buy this headphones again, it is disappointing.",negative
"This watch is superb, five stars from me.",positive
My watch is fantastic and worth every penny.,positive
"Laggy and dreadful, this headphones always disappoints.",negative
"I would buy this watch again, it is superb.",positive
"The phone is great, I use it every day.",positive
"Top quality headphones, genuinely outstanding experience.",positive
"This headphones is useless, total waste of money.",negative
"Smooth and superb, this headphones never disappoints.",positive
"The headphones stopped working, very poor.",negative
"This phone is worst, total waste of money.",negative
"I am disappointed, the headphones is poor and slow.",negative
"I would buy this laptop again, it is perfect.",positive
"Top quality phone, genuinely superb experience.",positive
The laptop looks amazing and performs even better.,positive
"I am impressed, the watch is awesome and reliable.",positive
"I love my new laptop, it is amazing!",positive
"Low quality watch, genuinely awful experience.",negative
"Useless watch for my needs, completely disappointing.",negative
Poor value! This watch is dreadful for the price.,negative
The battery and screen of this watch are bad.,negative
"Useless headphones for my needs, completely bad.",negative
"I am impressed, the headphones is superb and reliable.",positive
The watch looks excellent and performs even better.,positive
"I would buy this headphones again, it is great.",positive
"Horrible laptop, it failed horrible out of the box.",negative
"I would never buy this phone again, it is awful.",negative
"Horrible phone, it failed awful out of the box.",negative
"This headphones is awful, one star from me.",negative
"This watch is amazing, my friends all want one.",positive
The watch looks broken and performs even worse.,negative
"The watch stopped working, very awful.",negative
The headphones looks awful and performs even worse.,negative
"The headphones stopped working, very dreadful.",negative
"I would buy this watch again, it is great.",positive
Great value! This phone is great for the price.,positive
Great value! This phone is great for the price.,positive
My watch is horrible and broke in a week.,negative
"Useless laptop for my needs, completely horrible.",negative
"I am impressed, the phone is great and reliable.",positive
"This headphones did not meet expectations, truly poor.",negative
Terrible headphones! The quality is horrible.,negative
"Smooth and excellent, this headphones never disappoints.",positive
Excellent headphones! The quality is superb.,positive
"This laptop is useless, total waste of money.",negative
"Awful phone, delivery was late and it is horrible.",negative
"This phone is broken, do not buy it.",negative
"I would never buy this watch again, it is worst.",negative
"This watch is awesome, best purchase ever.",positive
The watch looks disappointing and performs even worse.,negative
"This headphones is brilliant, best purchase ever.",positive
Terrible headphones! The quality is worst.,negative
"The laptop is broken, I regret buying it.",negative
"Low quality watch, genuinely poor experience.",negative
"I would buy this laptop again, it is superb.",positive
"Super happy with this watch, it feels fantastic.",positive
The headphones looks awesome and performs even better.,positive
"This watch exceeded my expectations, truly wonderful.",positive
My headphones is awesome and worth every penny.,positive
My headphones is worst and broke in a week.,negative
"Perfect headphones for my needs, absolutely amazing.",positive
"Super happy with this laptop, it feels outstanding.",positive
"I am disappointed, the headphones is horrible and slow.",negative
"I hate this phone, it is useless.",negative
"I am impressed, the laptop is wonderful and reliable.",positive
"This laptop is bad, do not buy it.",negative
"Useless laptop for my needs, completely bad.",negative
"This phone is worst, total waste of money.",negative
"Awful watch, delivery was late and it is worst.",negative
"The laptop stopped working, very poor.",negative
"Perfect watch for my needs, absolutely excellent.",positive
"I love my new laptop, it is superb!",positive
"This laptop exceeded my expectations, truly brilliant.",positive
"This phone exceeded my expectations, truly brilliant.",positive
"Very unhappy with this phone, it feels worst.",negative
The battery and screen of this watch are fantastic.,positive
"Fantastic watch, delivery was fast and it is great.",positive
"I am impressed, the phone is outstanding and reliable.",positive
"Low quality laptop, genuinely awful experience.",negative
"Horrible phone, it failed useless out of the box.",negative
"I would buy this laptop again, it is perfect.",positive
The laptop looks awesome and performs even better.,positive
"This phone did not meet expectations, truly awful.",negative
"This phone is useless, total waste of money.",negative
"I am disappointed, the phone is dreadful and slow.",negative
"This laptop is superb, best purchase ever.",positive
Poor value! This phone is useless for the price.,negative
"Top quality headphones, genuinely amazing experience.",positive
My watch is dreadful and broke in a week.,negative
"Laggy and horrible, this headphones always disappoints.",negative
Excellent headphones! The quality is wonderful.,positive
Excellent headphones! The quality is perfect.,positive
"Very unhappy with this watch, it feels bad.",negative
"The headphones stopped working, very dreadful.",negative
"This headphones is fantastic, five stars from me.",positive
"This headphones exceeded my expectations, truly perfect.",positive
"Laggy and horrible, this phone always disappoints.",negative
My phone is worst and broke in a week.,negative
"I love my new laptop, it is fantastic!",positive
"This watch is fantastic, my friends all want one.",positive
The battery and screen of this laptop are brilliant.,positive
"The laptop is fantastic, I use it every day.",positive
"Perfect phone for my needs, absolutely wonderful.",positive
"This phone is perfect, best purchase ever.",positive
"Top quality laptop, genuinely wonderful experience.",positive
"I hate this phone, it is disappointing.",negative
The battery and screen of this watch are fantastic.,positive
Excellent phone! The quality is superb.,positive
"Top quality phone, genuinely fantastic experience.",positive
"Horrible watch, it failed horrible out of the box.",negative
"Useless laptop for my needs, completely useless.",negative
My watch is excellent and worth every penny.,positive
"This laptop is bad, one star from me.",negative
My headphones is horrible and broke in a week.,negative
"Smooth and awesome, this laptop never disappoints.",positive
My phone is awesome and worth every penny.,positive
"Wonderful phone, it works excellent out of the box.",positive
"This watch is useless, do not buy it.",negative
"The laptop is excellent, I use it every day.",positive
"I am impressed, the headphones is brilliant and reliable.",positive
"This phone did not meet expectations, truly useless.",negative
"This watch exceeded my expectations, truly superb.",positive
"I am impressed, the watch is superb and reliable.",positive
"Smooth and awesome, this laptop never disappoints.",positive
"Smooth and fantastic, this phone never disappoints.",positive
Great value! This phone is amazing for the price.,positive
"This laptop is dreadful, one star from me.",negative
"I hate this headphones, it is broken.",negative
"Laggy and dreadful, this phone always disappoints.",negative
Poor value! This laptop is broken for the price.,negative
"Very unhappy with this headphones, it feels broken.",negative
"This phone is dreadful, one star from me.",negative
"Top quality phone, genuinely excellent experience.",positive
"I love my new laptop, it is amazing!",positive
Great value! This laptop is outstanding for the price.,positive
The battery and screen of this headphones are awful.,negative
"The phone is awful, I regret buying it.",negative
Great value! This phone is great for the price.,positive
The phone looks perfect and performs even better.,positive
"The watch works outstanding, highly recommended.",positive
"This phone is worst, total waste of money.",negative
"Fantastic phone, delivery was fast and it is wonderful.",positive
"Low quality phone, genuinely disappointing experience.",negative
"This watch is broken, total waste of money.",negative
"Very unhappy with this watch, it feels useless.",negative
"I hate this laptop, it is useless.",negative
"Fantastic watch, delivery was fast and it is wonderful.",positive
"I love my new watch, it is amazing!",positive
Excellent phone! The quality is superb.,positive
"The laptop stopped working, very broken.",negative
My headphones is awful and broke in a week.,negative
"This laptop is excellent, my friends all want one.",positive
"Laggy and horrible, this phone always disappoints.",negative
"This laptop is terrible, total waste of money.",negative
Excellent headphones! The quality is fantastic.,positive
"I would buy this phone again, it is fantastic.",positive
"Low quality laptop, genuinely horrible experience.",negative
"Perfect watch for my needs, absolutely amazing.",positive
"The headphones stopped working, very broken.",negative
"Useless watch for my needs, completely worst.",negative
"The phone stopped working, very dreadful.",negative
"Low quality phone, genuinely horrible experience.",negative
"The headphones stopped working, very disappointing.",negative
The battery and screen of this headphones are horrible.,negative
"The headphones is bad, I regret buying it.",negative
"Super happy with this watch, it feels brilliant.",positive
"I would never buy this laptop again, it is worst.",negative
"Horrible phone, it failed terrible out of the box.",negative
The battery and screen of this phone are brilliant.,positive
The battery and screen of this laptop are dreadful.,negative
"Very unhappy with this laptop, it feels terrible.",negative
"This watch is horrible, do not buy it.",negative
"The watch stopped working, very dreadful.",negative
"This laptop is awful, do not buy it.",negative
Terrible phone! The quality is terrible.,negative
"The laptop works awesome, highly recommended.",positive
"This headphones is superb, my friends all want one.",positive
Great value! This laptop is brilliant for the price.,positive
"Perfect headphones for my needs, absolutely fantastic.",positive
My headphones is bad and broke in a week.,negative
"This laptop is useless, one star from me.",negative
"This phone is brilliant, best purchase ever.",positive
"This phone is fantastic, best purchase ever.",positive
"The headphones is bad, I regret buying it.",negative
"This headphones is poor, do not buy it.",negative
"The laptop is awful, I regret buying it.",negative
"Super happy with this headphones, it feels excellent.",positive
"The laptop works amazing, highly recommended.",positive
"Low quality headphones, genuinely useless experience.",negative
"Perfect phone for my needs, absolutely wonderful.",positive
"Super happy with this phone, it feels amazing.",positive
"Horrible watch, it failed broken out of the box.",negative
"Fantastic watch, delivery was fast and it is awesome.",positive
"The headphones works awesome, highly recommended.",positive
"Smooth and fantastic, this watch never disappoints.",positive
The laptop looks excellent and performs even better.,positive
"I would buy this headphones again, it is excellent.",positive
"Very unhappy with this watch, it feels poor.",negative
Great value! This watch is outstanding for the price.,positive
"I would never buy this watch again, it is awful.",negative
"This watch did not meet expectations, truly horrible.",negative
Excellent phone! The quality is superb.,positive
"Awful headphones, delivery was late and it is disappointing.",negative
"The watch is bad, I regret buying it.",negative
"Low quality watch, genuinely terrible experience.",negative
"The laptop is bad, I regret buying it.",negative
"This headphones is terrible, total waste of money.",negative
"Horrible watch, it failed poor out of the box.",negative
The battery and screen of this phone are amazing.,positive
Terrible laptop! The quality is poor.,negative
"This phone is excellent, best purchase ever.",positive
"The headphones stopped working, very broken.",negative
"This phone is disappointing, do not buy it.",negative
"Awful laptop, delivery was late and it is useless.",negative
"Awful laptop, delivery was late and it is awful.",negative
"I am disappointed, the headphones is terrible and slow.",negative
"I love my new laptop, it is excellent!",positive
"Very unhappy with this phone, it feels useless.",negative
"I hate this laptop, it is worst.",negative
"Horrible watch, it failed awful out of the box.",negative
"The watch is poor, I regret buying it.",negative
"Top quality headphones, genuinely excellent experience.",positive
The battery and screen of this watch are broken.,negative
"This headphones is broken, one star from me.",negative
"Useless watch for my needs, completely poor.",negative
The watch looks useless and performs even worse.,negative
"This laptop is wonderful, best purchase ever.",positive
"This headphones is fantastic, five stars from me.",positive
"This headphones is awesome, my friends all want one.",positive
The phone looks fantastic and performs even better.,positive
"I am disappointed, the headphones is bad and slow.",negative
Excellent phone! The quality is wonderful.,positive
"This phone is broken, total waste of money.",negative
"I am disappointed, the watch is broken and slow.",negative
"Very unhappy with this laptop, it feels useless.",negative
"Very unhappy with this watch, it feels worst.",negative
"Very unhappy with this laptop, it feels worst.",negative
"The watch stopped working, very awful.",negative
Poor value! This phone is awful for the price.,negative
"The phone works amazing, highly recommended.",positive
"I am disappointed, the watch is disappointing and slow.",negative
Excellent phone! The quality is awesome.,positive
Excellent phone! The quality is perfect.,positive
"This laptop exceeded my expectations, truly awesome.",positive
My laptop is awesome and worth every penny.,positive
My phone is brilliant and worth every penny.,positive
"I hate this headphones, it is bad.",negative
"This laptop is disappointing, one star from me.",negative
The battery and screen of this laptop are bad.,negative
My headphones is excellent and worth every penny.,positive
The battery and screen of this watch are horrible.,negative
"The laptop is fantastic, I use it every day.",positive
The battery and screen of this headphones are worst.,negative
"I would never buy this laptop again, it is broken.",negative
"This laptop is worst, total waste of money.",negative
"The laptop works brilliant, highly recommended.",positive
"I would buy this laptop again, it is perfect.",positive
"I would never buy this headphones again, it is horrible.",negative
"Fantastic headphones, delivery was fast and it is excellent.",positive
"The phone stopped working, very worst.",negative
"Useless laptop for my needs, completely terrible.",negative
"This phone is terrible, one star from me.",negative
"Laggy and horrible, this phone always disappoints.",negative
The battery and screen of this phone are great.,positive
"I would never buy this headphones again, it is awful.",negative
The phone looks fantastic and performs even better.,positive
"Low quality watch, genuinely horrible experience.",negative
"This laptop is wonderful, best purchase ever.",positive
"This phone is awful, one star from me.",negative
"Super happy with this watch, it feels great.",positive
"Wonderful phone, it works brilliant out of the box.",positive
"The phone stopped working, very worst.",negative
"Smooth and outstanding, this phone never disappoints.",positive
My laptop is brilliant and worth every penny.,positive
"Low quality phone, genuinely dreadful experience.",negative
"Super happy with this phone, it feels amazing.",positive
"Laggy and disappointing, this laptop always disappoints.",negative
"Wonderful laptop, it works great out of the box.",positive
The battery and screen of this headphones are horrible.,negative
"Laggy and worst, this headphones always disappoints.",negative
"Wonderful watch, it works awesome out of the box.",positive
Great value! This watch is perfect for the price.,positive
"I would never buy this phone again, it is useless.",negative
"This laptop is terrible, one star from me.",negative
"Useless phone for my needs, completely worst.",negative
"The watch is outstanding, I use it every day.",positive
"Horrible watch, it failed useless out of the box.",negative
Terrible phone! The quality is bad.,negative
The battery and screen of this headphones are fantastic.,positive
"The watch is horrible, I regret buying it.",negative
Excellent laptop! The quality is great.,positive
"Low quality phone, genuinely useless experience.",negative
"Very unhappy with this laptop, it feels worst.",negative
Terrible headphones! The quality is worst.,negative
The headphones looks amazing and performs even better.,positive
"This watch is horrible, one star from me.",negative
Great value! This laptop is amazing for the price.,positive
"Useless laptop for my needs, completely poor.",negative
"I am disappointed, the phone is horrible and slow.",negative
Excellent headphones! The quality is superb.,positive
Great value! This laptop is awesome for the price.,positive
"The watch is dreadful, I regret buying it.",negative
Terrible headphones! The quality is poor.,negative
"Low quality headphones, genuinely poor experience.",negative
"Useless watch for my needs, completely disappointing.",negative
"This watch exceeded my expectations, truly brilliant.",positive
The laptop looks excellent and performs even better.,positive
"The laptop works awesome, highly recommended.",positive
"Perfect laptop for my needs, absolutely amazing.",positive
"The headphones is great, I use it every day.",positive
The phone looks terrible and performs even worse.,negative
"This headphones is worst, do not buy it.",negative
The battery and screen of this watch are poor.,negative
My laptop is outstanding and worth every penny.,positive
Terrible phone! The quality is awful.,negative
The battery and screen of this phone are worst.,negative
The battery and screen of this phone are terrible.,negative
"The phone stopped working, very dreadful.",negative
"Smooth and fantastic, this phone never disappoints.",positive
The laptop looks worst and performs even worse.,negative
"I am disappointed, the phone is poor and slow.",negative
"I am impressed, the watch is fantastic and reliable.",positive
Excellent phone! The quality is excellent.,positive
"I would buy this headphones again, it is perfect.",positive
"This laptop is poor, do not buy it.",negative
"This headphones did not meet expectations, truly broken.",negative
The laptop looks broken and performs even worse.,negative
"Wonderful watch, it works perfect out of the box.",positive
"I love my new watch, it is superb!",positive
"I am impressed, the laptop is wonderful and reliable.",positive
"Horrible phone, it failed broken out of the box.",negative
"I am disappointed, the watch is broken and slow.",negative
"This phone is bad, do not buy it.",negative
"I would never buy this phone again, it is useless.",negative
"This headphones is awful, do not buy it.",negative
The laptop looks worst and performs even worse.,negative
"This watch is bad, do not buy it.",negative
"Horrible headphones, it failed horrible out of the box.",negative
"I am disappointed, the laptop is broken and slow.",negative
"This phone is amazing, my friends all want one.",positive
"Very unhappy with this headphones, it feels terrible.",negative
"This headphones is fantastic, my friends all want one.",positive
"Smooth and amazing, this watch never disappoints.",positive
"I love my new phone, it is awesome!",positive
"This headphones is terrible, total waste of money.",negative
"I love my new headphones, it is excellent!",positive
Excellent watch! The quality is great.,positive
"This laptop is broken, total waste of money.",negative
"Wonderful phone, it works perfect out of the box.",positive
"Laggy and horrible, this watch always disappoints.",negative
"Top quality headphones, genuinely superb experience.",positive
"I am disappointed, the headphones is horrible and slow.",negative
The battery and screen of this watch are brilliant.,positive
"This laptop is brilliant, five stars from me.",positive
"This phone is poor, total waste of money.",negative
"This phone is perfect, best purchase ever.",positive
My phone is wonderful and worth every penny.,positive
My watch is great and worth every penny.,positive
"I am disappointed, the headphones is poor and slow.",negative
My laptop is dreadful and broke in a week.,negative
The battery and screen of this headphones are broken.,negative
The laptop looks excellent and performs even better.,positive
"This phone is horrible, one star from me.",negative
"Wonderful laptop, it works great out of the box.",positive
"This phone is terrible, one star from me.",negative
"This phone is great, best purchase ever.",positive
"The watch is awful, I regret buying it.",negative
"Perfect laptop for my needs, absolutely fantastic.",positive
"The headphones is terrible, I regret buying it.",negative
My laptop is perfect and worth every penny.,positive
"I hate this laptop, it is awful.",negative
"This watch is outstanding, five stars from me.",positive
"This headphones is useless, total waste of money.",negative
My headphones is awesome and worth every penny.,positive
"I love my new phone, it is brilliant!",positive
"This laptop is excellent, my friends all want one.",positive
"This watch is superb, five stars from me.",positive
Excellent watch! The quality is fantastic.,positive
"Perfect laptop for my needs, absolutely awesome.",positive
"Super happy with this headphones, it feels awesome.",positive
"The laptop works wonderful, highly recommended.",positive
The phone looks brilliant and performs even better.,positive
My watch is wonderful and worth every penny.,positive
"Laggy and dreadful, this headphones always disappoints.",negative
"I hate this headphones, it is terrible.",negative
Great value! This watch is perfect for the price.,positive
"Awful phone, delivery was late and it is awful.",negative
"Awful headphones, delivery was late and it is disappointing.",negative
"Laggy and bad, this watch always disappoints.",negative
"The laptop stopped working, very dreadful.",negative
"I am disappointed, the phone is broken and slow.",negative
My laptop is perfect and worth every penny.,positive
"This headphones is horrible, total waste of money.",negative
"The phone works wonderful, highly recommended.",positive
"Useless watch for my needs, completely worst.",negative
"Smooth and awesome, this laptop never disappoints.",positive
"Super happy with this headphones, it feels fantastic.",positive
The battery and screen of this watch are poor.,negative
"This headphones is awful, one star from me.",negative
"This phone is excellent, five stars from me.",positive
"I would never buy this headphones again, it is awful.",negative
My headphones is brilliant and worth every penny.,positive
"Very unhappy with this watch, it feels broken.",negative
"This phone did not meet expectations, truly horrible.",negative
"Super happy with this laptop, it feels fantastic.",positive
The phone looks horrible and performs even worse.,negative
"I am disappointed, the laptop is dreadful and slow.",negative
"I would buy this headphones again, it is perfect.",positive
"The watch is wonderful, I use it every day.",positive
Terrible watch! The quality is bad.,negative
"Perfect headphones for my needs, absolutely amazing.",positive
"This phone is terrible, do not buy it.",negative
"This phone is excellent, five stars from me.",positive
"This laptop is broken, total waste of money.",negative
"Horrible watch, it failed poor out of the box.",negative
"This headphones exceeded my expectations, truly fantastic.",positive
"Perfect headphones for my needs, absolutely amazing.",positive
The battery and screen of this laptop are perfect.,positive
"The headphones stopped working, very terrible.",negative
"This watch is disappointing, do not buy it.",negative
"Wonderful laptop, it works great out of the box.",positive
"Perfect phone for my needs, absolutely outstanding.",positive
"This phone is horrible, do not buy it.",negative
"Perfect laptop for my needs, absolutely perfect.",positive
"Awful watch, delivery was late and it is useless.",negative
Great value! This watch is awesome for the price.,positive
"Top quality watch, genuinely brilliant experience.",positive
"Wonderful headphones, it works fantastic out of the box.",positive
"Useless laptop for my needs, completely useless.",negative
"This headphones did not meet expectations, truly poor.",negative
"Top quality phone, genuinely great experience.",positive
"This watch did not meet expectations, truly horrible.",negative
"Laggy and terrible, this phone always disappoints.",negative
Poor value! This watch is dreadful for the price.,negative
The watch looks fantastic and performs even better.,positive
"Laggy and disappointing, this phone always disappoints.",negative
"Smooth and brilliant, this phone never disappoints.",positive
"I am disappointed, the watch is horrible and slow.",negative
My watch is amazing and worth every penny.,positive
"The phone is useless, I regret buying it.",negative
"Top quality headphones, genuinely perfect experience.",positive
"Fantastic laptop, delivery was fast and it is perfect.",positive
My headphones is broken and broke in a week.,negative
The battery and screen of this headphones are superb.,positive
"The watch works brilliant, highly recommended.",positive
Excellent headphones! The quality is fantastic.,positive
"Top quality phone, genuinely wonderful experience.",positive
"This headphones is brilliant, five stars from me.",positive
Poor value! This laptop is bad for the price.,negative
"This watch is poor, do not buy it.",negative
"I hate this headphones, it is terrible.",negative
The laptop looks broken and performs even worse.,negative
"Fantastic watch, delivery was fast and it is fantastic.",positive
"Horrible watch, it failed awful out of the box.",negative
"The watch is perfect, I use it every day.",positive
"This watch is useless, do not buy it.",negative
My laptop is useless and broke in a week.,negative
"The headphones works fantastic, highly recommended.",positive
"Top quality phone, genuinely outstanding experience.",positive
The watch looks brilliant and performs even better.,positive
The battery and screen of this laptop are brilliant.,positive
The headphones looks superb and performs even better.,positive
"Super happy with this headphones, it feels wonderful.",positive
"This watch is outstanding, five stars from me.",positive
"Horrible headphones, it failed terrible out of the box.",negative
"The laptop is fantastic, I use it every day.",positive
"Very unhappy with this headphones, it feels poor.",negative
"I love my new watch, it is wonderful!",positive
My watch is terrible and broke in a week.,negative
"This watch exceeded my expectations, truly awesome.",positive
"This headphones did not meet expectations, truly disappointing.",negative
"This laptop is bad, do not buy it.",negative
"Awful headphones, delivery was late and it is dreadful.",negative
The laptop looks broken and performs even worse.,negative
"This headphones is broken, total waste of money.",negative
"Laggy and terrible, this phone always disappoints.",negative
"This watch is fantastic, five stars from me.",positive
"This watch is outstanding, five stars from me.",positive
The battery and screen of this headphones are excellent.,positive
"This phone is outstanding, best purchase ever.",positive
The laptop looks outstanding and performs even better.,positive
My headphones is fantastic and worth every penny.,positive
"This laptop is brilliant, my friends all want one.",positive
"This headphones is useless, do not buy it.",negative
"Awful phone, delivery was late and it is terrible.",negative
"The phone is perfect, I use it every day.",positive
"The laptop is amazing, I use it every day.",positive
"Fantastic headphones, delivery was fast and it is superb.",positive
"This watch is poor, total waste of money.",negative
"The watch stopped working, very disappointing.",negative
"I love my new watch, it is fantastic!",positive
"This headphones did not meet expectations, truly poor.",negative
"Horrible phone, it failed poor out of the box.",negative
"This laptop exceeded my expectations, truly great.",positive
"Smooth and great, this watch never disappoints.",positive
"The laptop is perfect, I use it every day.",positive
"This laptop is great, best purchase ever.",positive
"The watch is worst, I regret buying it.",negative
My watch is outstanding and worth every penny.,positive
The battery and screen of this laptop are bad.,negative
Great value! This laptop is outstanding for the price.,positive
The battery and screen of this headphones are horrible.,negative
"This laptop is wonderful, my friends all want one.",positive
"Perfect laptop for my needs, absolutely fantastic.",positive
"This watch is superb, my friends all want one.",positive
"The watch stopped working, very worst.",negative
"This laptop did not meet expectations, truly disappointing.",negative
The battery and screen of this headphones are great.,positive
"Wonderful headphones, it works superb out of the box.",positive
"Laggy and broken, this watch always disappoints.",negative
"Fantastic headphones, delivery was fast and it is amazing.",positive
The battery and screen of this headphones are wonderful.,positive
"Fantastic laptop, delivery was fast and it is perfect.",positive
"I would buy this headphones again, it is excellent.",positive
My watch is useless and broke in a week.,negative
"The laptop works wonderful, highly recommended.",positive
"I hate this headphones, it is awful.",negative
Poor value! This phone is poor for the price.,negative
"Very unhappy with this laptop, it feels poor.",negative
"I am disappointed, the phone is useless and slow.",negative
"The laptop is poor, I regret buying it.",negative
"The phone works perfect, highly recommended.",positive
"Super happy with this watch, it feels excellent.",positive
"Awful phone, delivery was late and it is awful.",negative
"The watch works awesome, highly recommended.",positive
The phone looks bad and performs even worse.,negative
Excellent phone! The quality is great.,positive
"The watch is terrible, I regret buying it.",negative
"I would buy this watch again, it is amazing.",positive
"Low quality headphones, genuinely poor experience.",negative
"Useless phone for my needs, completely bad.",negative
"Useless phone for my needs, completely bad.",negative
"Low quality laptop, genuinely worst experience.",negative
The watch looks excellent and performs even better.,positive
"Low quality laptop, genuinely awful experience.",negative
"This watch exceeded my expectations, truly brilliant.",positive
"The laptop works great, highly recommended.",positive
"This laptop is awful, do not buy it.",negative
"I would buy this laptop again, it is perfect.",positive
"Fantastic headphones, delivery was fast and it is excellent.",positive
"I am impressed, the watch is brilliant and reliable.",positive
The battery and screen of this watch are outstanding.,positive
"Wonderful headphones, it works amazing out of the box.",positive
"This laptop is great, five stars from me.",positive
"This phone is worst, do not buy it.",negative
"Fantastic headphones, delivery was fast and it is great.",positive
"Fantastic watch, delivery was fast and it is fantastic.",positive
"I am impressed, the phone is awesome and reliable.",positive
"Horrible phone, it failed worst out of the box.",negative
Excellent watch! The quality is awesome.,positive
"I am disappointed, the laptop is dreadful and slow.",negative
"Laggy and terrible, this watch always disappoints.",negative
Poor value! This headphones is broken for the price.,negative
"This watch is superb, best purchase ever.",positive
"Useless headphones for my needs, completely broken.",negative
"Low quality phone, genuinely bad experience.",negative
The battery and screen of this phone are excellent.,positive
My laptop is wonderful and worth every penny.,positive
My phone is broken and broke in a week.,negative
The laptop looks amazing and performs even better.,positive
"The laptop works awesome, highly recommended.",positive
The battery and screen of this headphones are superb.,positive
"This laptop is horrible, one star from me.",negative
"This laptop is wonderful, best purchase ever.",positive
"Fantastic headphones, delivery was fast and it is excellent.",positive
"Awful headphones, delivery was late and it is bad.",negative
"Super happy with this watch, it feels awesome.",positive
"Very unhappy with this phone, it feels worst.",negative
"Perfect headphones for my needs, absolutely perfect.",positive
"Fantastic laptop, delivery was fast and it is awesome.",positive
"I would buy this phone again, it is wonderful.",positive
"I would buy this phone again, it is perfect.",positive
"Top quality laptop, genuinely outstanding experience.",positive
"Horrible laptop, it failed poor out of the box.",negative
My phone is bad and broke in a week.,negative
The battery and screen of this phone are brilliant.,positive
"Super happy with this headphones, it feels excellent.",positive
"Low quality phone, genuinely worst experience.",negative
The headphones looks horrible and performs even worse.,negative
"This watch is perfect, my friends all want one.",positive
The battery and screen of this headphones are awful.,negative
The battery and screen of this watch are perfect.,positive
"Very unhappy with this phone, it feels broken.",negative
The battery and screen of this laptop are great.,positive
"This headphones is worst, one star from me.",negative
My headphones is horrible and broke in a week.,negative
My watch is fantastic and worth every penny.,positive
My watch is superb and worth every penny.,positive
"The phone is wonderful, I use it every day.",positive
"I love my new laptop, it is perfect!",positive
"This headphones is bad, do not buy it.",negative
"Very unhappy with this watch, it feels horrible.",negative
"I hate this laptop, it is broken.",negative
"I would buy this phone again, it is brilliant.",positive
The watch looks wonderful and performs even better.,positive
Poor value! This phone is useless for the price.,negative
"This laptop is brilliant, my friends all want one.",positive
"Useless watch for my needs, completely bad.",negative
My laptop is wonderful and worth every penny.,positive
The battery and screen of this phone are horrible.,negative
"I am disappointed, the laptop is horrible and slow.",negative
"Awful laptop, delivery was late and it is awful.",negative
"Wonderful phone, it works brilliant out of the box.",positive
"Very unhappy with this watch, it feels worst.",negative
"Very unhappy with this watch, it feels broken.",negative
The battery and screen of this headphones are poor.,negative
"Fantastic laptop, delivery was fast and it is awesome.",positive
"I love my new headphones, it is excellent!",positive
"Low quality watch, genuinely useless experience.",negative
"Top quality watch, genuinely wonderful experience.",positive
"Super happy with this headphones, it feels amazing.",positive
The phone looks perfect and performs even better.,positive
"Awful watch, delivery was late and it is poor.",negative
The headphones looks worst and performs even worse.,negative
"Laggy and awful, this watch always disappoints.",negative
"I am impressed, the watch is superb and reliable.",positive
"This laptop is dreadful, do not buy it.",negative
"This phone is wonderful, my friends all want one.",positive
Poor value! This phone is awful for the price.,negative
"I am disappointed, the phone is broken and slow.",negative
"Super happy with this watch, it feels brilliant.",positive
Terrible phone! The quality is dreadful.,negative
My watch is brilliant and worth every penny.,positive
"I love my new phone, it is great!",positive
"Super happy with this headphones, it feels great.",positive
"I am disappointed, the phone is broken and slow.",negative
"Perfect laptop for my needs, absolutely superb.",positive
"Fantastic phone, delivery was fast and it is wonderful.",positive
The battery and screen of this watch are fantastic.,positive
"This watch did not meet expectations, truly broken.",negative
"Laggy and terrible, this watch always disappoints.",negative
"Very unhappy with this laptop, it feels poor.",negative
"Awful laptop, delivery was late and it is useless.",negative
"I hate this watch, it is useless.",negative
Great value! This headphones is perfect for the price.,positive
My phone is superb and worth every penny.,positive
"This phone did not meet expectations, truly awful.",negative
"This laptop is brilliant, five stars from me.",positive
"Top quality phone, genuinely superb experience.",positive
"This laptop is perfect, my friends all want one.",positive
"I am disappointed, the headphones is dreadful and slow.",negative
"The phone is useless, I regret buying it.",negative
"This watch is superb, my friends all want one.",positive
"I am impressed, the headphones is perfect and reliable.",positive
"I would buy this headphones again, it is brilliant.",positive
"Low quality phone, genuinely worst experience.",negative
"The headphones works perfect, highly recommended.",positive
Great value! This headphones is awesome for the price.,positive
"I am disappointed, the headphones is bad and slow.",negative
"This laptop is amazing, best purchase ever.",positive
"This watch is excellent, my friends all want one.",positive
The battery and screen of this laptop are bad.,negative
"This laptop is bad, total waste of money.",negative
"This laptop did not meet expectations, truly awful.",negative
"Smooth and excellent, this watch never disappoints.",positive
"I would buy this watch again, it is great.",positive
"Low quality headphones, genuinely disappointing experience.",negative
"Awful headphones, delivery was late and it is horrible.",negative
"Smooth and awesome, this watch never disappoints.",positive
"I am impressed, the headphones is outstanding and reliable.",positive
"Smooth and superb, this laptop never disappoints.",positive
"This phone exceeded my expectations, truly perfect.",positive
"The watch is superb, I use it every day.",positive
"I love my new headphones, it is perfect!",positive
"Top quality laptop, genuinely excellent experience.",positive
Great value! This laptop is fantastic for the price.,positive
"Low quality watch, genuinely dreadful experience.",negative
"Wonderful watch, it works perfect out of the box.",positive
"Horrible phone, it failed poor out of the box.",negative
"Very unhappy with this watch, it feels awful.",negative
"Horrible headphones, it failed horrible out of the box.",negative
"This laptop is terrible, do not buy it.",negative
"Low quality phone, genuinely disappointing experience.",negative
"Horrible headphones, it failed useless out of the box.",negative
"Horrible watch, it failed horrible out of the box.",negative
"I am impressed, the laptop is wonderful and reliable.",positive
"I would buy this phone again, it is perfect.",positive
"I love my new watch, it is excellent!",positive
"I love my new headphones, it is brilliant!",positive
"Horrible phone, it failed disappointing out of the box.",negative
"This watch is awesome, best purchase ever.",positive
"This laptop is bad, one star from me.",negative
"Wonderful phone, it works awesome out of the box.",positive
"The phone is terrible, I regret buying it.",negative
Poor value! This phone is horrible for the price.,negative
"The laptop works fantastic, highly recommended.",positive
"This phone is dreadful, total waste of money.",negative
"The watch works wonderful, highly recommended.",positive
"This phone is horrible, do not buy it.",negative
"This watch is perfect, my friends all want one.",positive
"The phone is broken, I regret buying it.",negative
"The watch works wonderful, highly recommended.",positive
"Low quality headphones, genuinely bad experience.",negative
"I am disappointed, the phone is bad and slow.",negative
"Wonderful watch, it works fantastic out of the box.",positive
"I am impressed, the headphones is brilliant and reliable.",positive
"This laptop is useless, one star from me.",negative
"I would never buy this laptop again, it is worst.",negative
"Fantastic headphones, delivery was fast and it is brilliant.",positive
"This phone is outstanding, best purchase ever.",positive
"Wonderful laptop, it works outstanding out of the box.",positive
"I hate this headphones, it is dreadful.",negative
Terrible headphones! The quality is dreadful.,negative
"The watch is dreadful, I regret buying it.",negative
"Smooth and awesome, this headphones never disappoints.",positive
"Super happy with this headphones, it feels amazing.",positive
"This laptop is useless, do not buy it.",negative
"I would buy this phone again, it is brilliant.",positive
"Horrible watch, it failed worst out of the box.",negative
"Laggy and awful, this laptop always disappoints.",negative
"Top quality phone, genuinely amazing experience.",positive
Excellent watch! The quality is fantastic.,positive
"This phone is useless, one star from me.",negative
Great value! This phone is fantastic for the price.,positive
"Laggy and bad, this laptop always disappoints.",negative
"Top quality headphones, genuinely fantastic experience.",positive
Excellent laptop! The quality is outstanding.,positive
"This headphones did not meet expectations, truly horrible.",negative
The battery and screen of this phone are outstanding.,positive
"This laptop is terrible, do not buy it.",negative
Poor value! This laptop is terrible for the price.,negative
Great value! This headphones is great for the price.,positive
"I am disappointed, the headphones is worst and slow.",negative
"Horrible headphones, it failed broken out of the box.",negative
"Super happy with this headphones, it feels excellent.",positive
"The watch is disappointing, I regret buying it.",negative
"Fantastic laptop, delivery was fast and it is excellent.",positive
"Wonderful phone, it works excellent out of the box.",positive
"This watch did not meet expectations, truly poor.",negative
"Super happy with this headphones, it feels superb.",positive
"The laptop is great, I use it every day.",positive
"Useless headphones for my needs, completely bad.",negative
"Laggy and disappointing, this laptop always disappoints.",negative
"Fantastic watch, delivery was fast and it is fantastic.",positive
"Perfect phone for my needs, absolutely outstanding.",positive
"I would never buy this phone again, it is horrible.",negative
"Useless headphones for my needs, completely useless.",negative
"This headphones did not meet expectations, truly broken.",negative
"Smooth and awesome, this headphones never disappoints.",positive
My headphones is disappointing and broke in a week.,negative
"Super happy with this laptop, it feels excellent.",positive
"The phone is amazing, I use it every day.",positive
Terrible headphones! The quality is poor.,negative
"Awful watch, delivery was late and it is broken.",negative
The battery and screen of this laptop are broken.,negative
"Useless headphones for my needs, completely broken.",negative
"The headphones is fantastic, I use it every day.",positive
Poor value! This watch is awful for the price.,negative
"Wonderful headphones, it works superb out of the box.",positive
"Super happy with this laptop, it feels superb.",positive
"This headphones is excellent, best purchase ever.",positive
The laptop looks bad and performs even worse.,negative
"The headphones works wonderful, highly recommended.",positive
"This laptop is horrible, do not buy it.",negative
"The laptop is useless, I regret buying it.",negative
Poor value! This phone is broken for the price.,negative
"This laptop is terrible, total waste of money.",negative
"Perfect headphones for my needs, absolutely brilliant.",positive
"I would buy this laptop again, it is superb.",positive
The phone looks broken and performs even worse.,negative
"Low quality laptop, genuinely terrible experience.",negative
"The headphones is broken, I regret buying it.",negative
"The watch is awesome, I use it every day.",positive
Excellent laptop! The quality is amazing.,positive
"This watch is superb, my friends all want one.",positive
My laptop is excellent and worth every penny.,positive
"Laggy and terrible, this laptop always disappoints.",negative
The phone looks perfect and performs even better.,positive
The watch looks awesome and performs even better.,positive
"I would buy this laptop again, it is outstanding.",positive
"Fantastic laptop, delivery was fast and it is excellent.",positive
"This phone is dreadful, one star from me.",negative
"This laptop is horrible, one star from me.",negative
"Low quality laptop, genuinely disappointing experience.",negative
"Wonderful laptop, it works amazing out of the box.",positive
"Awful watch, delivery was late and it is broken.",negative
The battery and screen of this laptop are terrible.,negative
"I am disappointed, the laptop is terrible and slow.",negative
"Awful laptop, delivery was late and it is bad.",negative
"The headphones is poor, I regret buying it.",negative
The laptop looks superb and performs even better.,positive
"I am impressed, the headphones is superb and reliable.",positive
"Smooth and great, this watch never disappoints.",positive
Poor value! This laptop is poor for the price.,negative
"I love my new watch, it is outstanding!",positive
"I hate this headphones, it is worst.",negative
"This headphones is dreadful, total waste of money.",negative
"This headphones is superb, best purchase ever.",positive
"The watch is terrible, I regret buying it.",negative
"Very unhappy with this watch, it feels useless.",negative
"This phone is awesome, five stars from me.",positive
"This headphones is brilliant, my friends all want one.",positive
"I would never buy this watch again, it is useless.",negative
The battery and screen of this laptop are outstanding.,positive
"Awful laptop, delivery was late and it is useless.",negative
"Super happy with this headphones, it feels great.",positive
"This phone exceeded my expectations, truly superb.",positive
The battery and screen of this watch are great.,positive
"I am disappointed, the phone is useless and slow.",negative
"This headphones exceeded my expectations, truly awesome.",positive
"Fantastic phone, delivery was fast and it is perfect.",positive
"Perfect laptop for my needs, absolutely fantastic.",positive
"The laptop works superb, highly recommended.",positive
Terrible phone! The quality is broken.,negative
"This phone is disappointing, one star from me.",negative
"This watch exceeded my expectations, truly perfect.",positive
"I would buy this laptop again, it is fantastic.",positive
Poor value! This headphones is dreadful for the price.,negative
"This phone is terrible, total waste of money.",negative
"I hate this watch, it is bad.",negative
My phone is superb and worth every penny.,positive
"Perfect phone for my needs, absolutely awesome.",positive
Great value! This watch is wonderful for the price.,positive
Excellent laptop! The quality is awesome.,positive
"This watch did not meet expectations, truly terrible.",negative
"This laptop is wonderful, best purchase ever.",positive
"This watch is horrible, one star from me.",negative
"This watch is perfect, my friends all want one.",positive
The watch looks horrible and performs even worse.,negative
"I would never buy this laptop again, it is poor.",negative
"Horrible phone, it failed terrible out of the box.",negative
"Very unhappy with this phone, it feels terrible.",negative
"Fantastic watch, delivery was fast and it is awesome.",positive
"Top quality laptop, genuinely amazing experience.",positive
"Useless headphones for my needs, completely poor.",negative
Terrible headphones! The quality is bad.,negative
"Super happy with this headphones, it feels excellent.",positive
"Fantastic headphones, delivery was fast and it is superb.",positive
The battery and screen of this watch are brilliant.,positive
"This laptop is wonderful, five stars from me.",positive
The headphones looks useless and performs even worse.,negative
The watch looks terrible and performs even worse.,negative
The battery and screen of this laptop are useless.,negative
"Super happy with this watch, it feels perfect.",positive
"Low quality phone, genuinely disappointing experience.",negative
Poor value! This watch is disappointing for the price.,negative
"This watch is wonderful, best purchase ever.",positive
"I would buy this headphones again, it is outstanding.",positive
Poor value! This phone is awful for the price.,negative
My laptop is disappointing and broke in a week.,negative
"Low quality headphones, genuinely dreadful experience.",negative
The headphones looks outstanding and performs even better.,positive
"The laptop stopped working, very disappointing.",negative
"Laggy and terrible, this headphones always disappoints.",negative
My phone is fantastic and worth every penny.,positive
The watch looks terrible and performs even worse.,negative
"This laptop did not meet expectations, truly disappointing.",negative
My watch is bad and broke in a week.,negative
"Horrible watch, it failed disappointing out of the box.",negative
Poor value! This headphones is broken for the price.,negative
"This phone is brilliant, my friends all want one.",positive
The battery and screen of this headphones are dreadful.,negative
"This phone is superb, best purchase ever.",positive
The watch looks awesome and performs even better.,positive
"Useless watch for my needs, completely poor.",negative
The laptop looks dreadful and performs even worse.,negative
"This phone is dreadful, do not buy it.",negative
"Awful phone, delivery was late and it is dreadful.",negative
"The phone works fantastic, highly recommended.",positive
"This phone did not meet expectations, truly horrible.",negative
"The laptop stopped working, very worst.",negative
"Smooth and perfect, this watch never disappoints.",positive
The phone looks disappointing and performs even worse.,negative
"Perfect phone for my needs, absolutely amazing.",positive
"This headphones did not meet expectations, truly horrible.",negative
"Super happy with this phone, it feels excellent.",positive
Great value! This laptop is awesome for the price.,positive
The battery and screen of this laptop are dreadful.,negative
"The phone is useless, I regret buying it.",negative
"This watch exceeded my expectations, truly brilliant.",positive
My headphones is dreadful and broke in a week.,negative
"This phone is perfect, best purchase ever.",positive
"This phone exceeded my expectations, truly awesome.",positive
"The watch stopped working, very horrible.",negative
My laptop is fantastic and worth every penny.,positive
"Perfect laptop for my needs, absolutely wonderful.",positive
"This phone is dreadful, do not buy it.",negative
"I would buy this watch again, it is amazing.",positive
"The laptop works brilliant, highly recommended.",positive
Terrible headphones! The quality is useless.,negative
The battery and screen of this headphones are perfect.,positive
"This headphones is fantastic, my friends all want one.",positive
"Fantastic phone, delivery was fast and it is excellent.",positive
"Useless phone for my needs, completely bad.",negative
"I hate this watch, it is worst.",negative
My phone is awesome and worth every penny.,positive
"The phone is terrible, I regret buying it.",negative
"Very unhappy with this phone, it feels disappointing.",negative
"The laptop works outstanding, highly recommended.",positive
"The watch is superb, I use it every day.",positive
"This phone is broken, do not buy it.",negative
The battery and screen of this laptop are awful.,negative
"This headphones exceeded my expectations, truly fantastic.",positive
"Smooth and wonderful, this phone never disappoints.",positive
"Top quality watch, genuinely excellent experience.",positive
The battery and screen of this headphones are amazing.,positive
"Perfect headphones for my needs, absolutely great.",positive
"This watch is wonderful, best purchase ever.",positive
Excellent watch! The quality is amazing.,positive
"This laptop is great, my friends all want one.",positive
"The headphones is amazing, I use it every day.",positive
"Low quality laptop, genuinely disappointing experience.",negative
"The laptop stopped working, very bad.",negative
My laptop is fantastic and worth every penny.,positive
"This headphones did not meet expectations, truly terrible.",negative
"I am disappointed, the headphones is dreadful and slow.",negative
"This laptop is superb, best purchase ever.",positive
"Wonderful watch, it works perfect out of the box.",positive
"I am impressed, the headphones is excellent and reliable.",positive
"I am impressed, the headphones is perfect and reliable.",positive
"Very unhappy with this watch, it feels broken.",negative
The battery and screen of this laptop are brilliant.,positive
"Awful phone, delivery was late and it is horrible.",negative
"Useless laptop for my needs, completely worst.",negative
"The watch is disappointing, I regret buying it.",negative
The battery and screen of this headphones are fantastic.,positive
"Top quality headphones, genuinely awesome experience.",positive
"Awful laptop, delivery was late and it is poor.",negative
"This watch did not meet expectations, truly worst.",negative
The headphones looks excellent and performs even better.,positive
"Awful laptop, delivery was late and it is poor.",negative
The battery and screen of this headphones are outstanding.,positive
My watch is great and worth every penny.,positive
"Smooth and perfect, this watch never disappoints.",positive
The phone looks amazing and performs even better.,positive
"The phone works perfect, highly recommended.",positive
"Wonderful laptop, it works wonderful out of the box.",positive
"The headphones works wonderful, highly recommended.",positive
"This headphones is disappointing, one star from me.",negative
"Top quality headphones, genuinely awesome experience.",positive
The battery and screen of this headphones are fantastic.,positive
"The laptop stopped working, very broken.",negative
"The watch works perfect, highly recommended.",positive
"This watch did not meet expectations, truly terrible.",negative
Great value! This headphones is awesome for the price.,positive
"I am disappointed, the phone is horrible and slow.",negative
Great value! This phone is amazing for the price.,positive
"I hate this headphones, it is broken.",negative
"Low quality watch, genuinely bad experience.",negative
Great value! This phone is awesome for the price.,positive
"I am disappointed, the watch is poor and slow.",negative
"I am disappointed, the laptop is disappointing and slow.",negative
"I am disappointed, the watch is useless and slow.",negative
The battery and screen of this laptop are wonderful.,positive
"Very unhappy with this headphones, it feels disappointing.",negative
"Perfect headphones for my needs, absolutely great.",positive
"This headphones is perfect, my friends all want one.",positive
"I love my new headphones, it is outstanding!",positive
"This phone did not meet expectations, truly useless.",negative
"Low quality headphones, genuinely broken experience.",negative
"Low quality laptop, genuinely useless experience.",negative
"This laptop is bad, one star from me.",negative
"Super happy with this phone, it feels perfect.",positive
Terrible watch! The quality is bad.,negative
"This phone is disappointing, total waste of money.",negative
"Smooth and superb, this phone never disappoints.",positive
"I love my new phone, it is great!",positive
"I am disappointed, the phone is broken and slow.",negative
The watch looks outstanding and performs even better.,positive
"Horrible laptop, it failed poor out of the box.",negative
My phone is dreadful and broke in a week.,negative
"This phone is amazing, best purchase ever.",positive
"This phone is horrible, total waste of money.",negative
"Very unhappy with this laptop, it feels dreadful.",negative
"I hate this laptop, it is disappointing.",negative
"Super happy with this watch, it feels great.",positive
"This headphones is awesome, best purchase ever.",positive
"Very unhappy with this headphones, it feels broken.",negative
"The laptop is amazing, I use it every day.",positive
"The phone is awesome, I use it every day.",positive
"This headphones did not meet expectations, truly broken.",negative
"Smooth and perfect, this headphones never disappoints.",positive
"Wonderful watch, it works wonderful out of the box.",positive
"The headphones is worst, I regret buying it.",negative
"Top quality phone, genuinely great experience.",positive
"Horrible laptop, it failed bad out of the box.",negative
"Horrible laptop, it failed bad out of the box.",negative
"Super happy with this laptop, it feels fantastic.",positive
Poor value! This phone is bad for the price.,negative
"The headphones works great, highly recommended.",positive
"Fantastic headphones, delivery was fast and it is superb.",positive
"This laptop did not meet expectations, truly poor.",negative
"This laptop is fantastic, my friends all want one.",positive
"Low quality headphones, genuinely horrible experience.",negative
The battery and screen of this watch are brilliant.,positive
My watch is amazing and worth every penny.,positive
The battery and screen of this watch are outstanding.,positive
"Very unhappy with this watch, it feels awful.",negative
"This watch is wonderful, best purchase ever.",positive
"Smooth and great, this headphones never disappoints.",positive
"This laptop is brilliant, best purchase ever.",positive
Great value! This phone is fantastic for the price.,positive
"The watch is fantastic, I use it every day.",positive
The battery and screen of this phone are dreadful.,negative
"This headphones is great, five stars from me.",positive
"I would never buy this phone again, it is disappointing.",negative
The laptop looks terrible and performs even worse.,negative
"Super happy with this laptop, it feels perfect.",positive
"This phone is disappointing, total waste of money.",negative
"Smooth and awesome, this headphones never disappoints.",positive
My headphones is perfect and worth every penny.,positive
The battery and screen of this headphones are outstanding.,positive
The battery and screen of this laptop are useless.,negative
"I would buy this headphones again, it is excellent.",positive
"Smooth and superb, this phone never disappoints.",positive
"Useless watch for my needs, completely broken.",negative
"This headphones is awful, total waste of money.",negative
"I am disappointed, the headphones is dreadful and slow.",negative
"The laptop stopped working, very terrible.",negative
"This laptop did not meet expectations, truly worst.",negative
"The headphones is horrible, I regret buying it.",negative
"I would never buy this watch again, it is useless.",negative
Great value! This laptop is fantastic for the price.,positive
"I am impressed, the watch is fantastic and reliable.",positive
"I would buy this phone again, it is outstanding.",positive
"The headphones is superb, I use it every day.",positive
Great value! This laptop is fantastic for the price.,positive
"Low quality laptop, genuinely bad experience.",negative
My laptop is useless and broke in a week.,negative
The phone looks brilliant and performs even better.,positive
"I am impressed, the watch is fantastic and reliable.",positive
Terrible watch! The quality is bad.,negative
"I love my new laptop, it is excellent!",positive
"Wonderful laptop, it works perfect out of the box.",positive
My phone is outstanding and worth every penny.,positive
The battery and screen of this laptop are perfect.,positive
"This watch did not meet expectations, truly disappointing.",negative
My headphones is superb and worth every penny.,positive
"This phone is outstanding, my friends all want one.",positive
"The phone is poor, I regret buying it.",negative
"Top quality headphones, genuinely superb experience.",positive
My laptop is bad and broke in a week.,negative
"I would buy this headphones again, it is amazing.",positive
"Wonderful headphones, it works perfect out of the box.",positive
"Super happy with this headphones, it feels wonderful.",positive
"This laptop is wonderful, five stars from me.",positive
"Horrible watch, it failed awful out of the box.",negative
Excellent watch! The quality is outstanding.,positive
The phone looks useless and performs even worse.,negative
"This watch is worst, do not buy it.",negative
"The headphones stopped working, very disappointing.",negative
"Perfect watch for my needs, absolutely excellent.",positive
"I love my new headphones, it is fantastic!",positive
"This headphones is awesome, best purchase ever.",positive
My laptop is great and worth every penny.,positive
"Horrible headphones, it failed dreadful out of the box.",negative
"Low quality watch, genuinely awful experience.",negative
"Horrible headphones, it failed poor out of the box.",negative
"I hate this headphones, it is broken.",negative
"This phone is wonderful, best purchase ever.",positive
"The headphones is useless, I regret buying it.",negative
"I would never buy this laptop again, it is dreadful.",negative
"The phone is horrible, I regret buying it.",negative
"I am impressed, the watch is great and reliable.",positive
"I hate this watch, it is awful.",negative
"This laptop did not meet expectations, truly poor.",negative
"Top quality phone, genuinely outstanding experience.",positive
"Awful phone, delivery was late and it is broken.",negative
"The phone is wonderful, I use it every day.",positive
"This watch is great, five stars from me.",positive
"Wonderful watch, it works brilliant out of the box.",positive
"This watch is horrible, one star from me.",negative
"Laggy and terrible, this headphones always disappoints.",negative
"Perfect headphones for my needs, absolutely fantastic.",positive
My watch is awesome and worth every penny.,positive
"I would buy this phone again, it is great.",positive
"Fantastic phone, delivery was fast and it is fantastic.",positive
My phone is broken and broke in a week.,negative
"Perfect phone for my needs, absolutely perfect.",positive
"This watch is worst, do not buy it.",negative
"The headphones works great, highly recommended.",positive
"I love my new phone, it is brilliant!",positive
My laptop is horrible and broke in a week.,negative
The phone looks disappointing and performs even worse.,negative
Terrible phone! The quality is horrible.,negative
"Super happy with this headphones, it feels perfect.",positive
"Awful laptop, delivery was late and it is dreadful.",negative
"I would never buy this headphones again, it is horrible.",negative
"This laptop is awesome, best purchase ever.",positive
"Laggy and poor, this laptop always disappoints.",negative
"Fantastic headphones, delivery was fast and it is awesome.",positive
"Low quality laptop, genuinely worst experience.",negative
"This headphones is awful, total waste of money.",negative
"I love my new phone, it is superb!",positive
"Useless watch for my needs, completely awful.",negative
The battery and screen of this phone are poor.,negative
"Useless laptop for my needs, completely worst.",negative
"I am impressed, the laptop is great and reliable.",positive
"This headphones exceeded my expectations, truly wonderful.",positive
"Super happy with this headphones, it feels brilliant.",positive
Terrible laptop! The quality is awful.,negative
"This laptop is excellent, my friends all want one.",positive
"I hate this watch, it is awful.",negative
"I love my new watch, it is superb!",positive
"Low quality headphones, genuinely dreadful experience.",negative
The battery and screen of this watch are superb.,positive
"This laptop is awful, do not buy it.",negative
"This headphones is fantastic, best purchase ever.",positive
Poor value! This headphones is disappointing for the price.,negative
"I would never buy this laptop again, it is bad.",negative
"I am impressed, the watch is wonderful and reliable.",positive
"This headphones is dreadful, total waste of money.",negative
"Awful headphones, delivery was late and it is useless.",negative
"The phone stopped working, very useless.",negative
"I would buy this phone again, it is excellent.",positive
"Super happy with this watch, it feels wonderful.",positive
"Fantastic phone, delivery was fast and it is amazing.",positive
"This headphones is brilliant, best purchase ever.",positive
"Laggy and disappointing, this phone always disappoints.",negative
My watch is wonderful and worth every penny.,positive
"This phone is wonderful, best purchase ever.",positive
The battery and screen of this laptop are excellent.,positive
"I am impressed, the laptop is superb and reliable.",positive
"I would buy this phone again, it is great.",positive
"Top quality watch, genuinely superb experience.",positive
"This headphones is brilliant, best purchase ever.",positive
Great value! This headphones is superb for the price.,positive
"This watch did not meet expectations, truly bad.",negative
Great value! This watch is fantastic for the price.,positive
"Useless headphones for my needs, completely horrible.",negative
"The headphones works wonderful, highly recommended.",positive
My phone is awful and broke in a week.,negative
"Horrible watch, it failed bad out of the box.",negative
"Wonderful headphones, it works great out of the box.",positive
"This laptop did not meet expectations, truly awful.",negative
"Super happy with this headphones, it feels amazing.",positive
"Smooth and outstanding, this headphones never disappoints.",positive
The phone looks outstanding and performs even better.,positive
"This headphones is fantastic, best purchase ever.",positive
"The phone is outstanding, I use it every day.",positive
"This phone is dreadful, one star from me.",negative
"This headphones is perfect, best purchase ever.",positive
"Fantastic laptop, delivery was fast and it is excellent.",positive
"Laggy and terrible, this watch always disappoints.",negative
"This watch did not meet expectations, truly broken.",negative
"Top quality headphones, genuinely outstanding experience.",positive
"Super happy with this watch, it feels awesome.",positive
"I am disappointed, the watch is dreadful and slow.",negative
"This laptop is fantastic, five stars from me.",positive
"This phone is useless, one star from me.",negative
"Very unhappy with this phone, it feels dreadful.",negative
"The watch stopped working, very worst.",negative
The battery and screen of this watch are outstanding.,positive
"This headphones did not meet expectations, truly useless.",negative
"Smooth and brilliant, this watch never disappoints.",positive
"I would never buy this watch again, it is dreadful.",negative
"I hate this laptop, it is horrible.",negative
"Very unhappy with this headphones, it feels disappointing.",negative
"This headphones is awesome, my friends all want one.",positive
The battery and screen of this headphones are fantastic.,positive
"I hate this laptop, it is poor.",negative
"This headphones is perfect, five stars from me.",positive
"Awful laptop, delivery was late and it is broken.",negative
"This phone did not meet expectations, truly useless.",negative
Great value! This watch is superb for the price.,positive
"Awful laptop, delivery was late and it is poor.",negative
Poor value! This watch is awful for the price.,negative
"Perfect headphones for my needs, absolutely fantastic.",positive
"I am impressed, the watch is great and reliable.",positive
"Awful laptop, delivery was late and it is dreadful.",negative
"Awful watch, delivery was late and it is awful.",negative
"I am disappointed, the watch is terrible and slow.",negative
"This watch is fantastic, best purchase ever.",positive
"Laggy and dreadful, this watch always disappoints.",negative
"This phone is bad, one star from me.",negative
"I love my new watch, it is brilliant!",positive
The battery and screen of this laptop are poor.,negative
"Perfect phone for my needs, absolutely outstanding.",positive
"The headphones works outstanding, highly recommended.",positive
"Horrible headphones, it failed disappointing out of the box.",negative
"I would buy this watch again, it is brilliant.",positive
"Top quality watch, genuinely outstanding experience.",positive
"The laptop stopped working, very disappointing.",negative
"Very unhappy with this watch, it feels dreadful.",negative
Terrible watch! The quality is useless.,negative
My laptop is broken and broke in a week.,negative
"This laptop is great, my friends all want one.",positive
"Fantastic phone, delivery was fast and it is excellent.",positive
"This watch is excellent, best purchase ever.",positive
"I am disappointed, the headphones is awful and slow.",negative
"Horrible watch, it failed horrible out of the box.",negative
"Fantastic watch, delivery was fast and it is outstanding.",positive
"Very unhappy with this headphones, it feels disappointing.",negative
"Wonderful laptop, it works great out of the box.",positive
Excellent laptop! The quality is superb.,positive
"This laptop is outstanding, five stars from me.",positive
My phone is disappointing and broke in a week.,negative
"This laptop did not meet expectations, truly awful.",negative
"I hate this phone, it is disappointing.",negative
"Perfect headphones for my needs, absolutely amazing.",positive
The watch looks fantastic and performs even better.,positive
The battery and screen of this laptop are superb.,positive
"The phone is perfect, I use it every day.",positive
My phone is broken and broke in a week.,negative
Terrible laptop! The quality is terrible.,negative
"Fantastic watch, delivery was fast and it is amazing.",positive
Great value! This laptop is outstanding for the price.,positive
"This watch is disappointing, do not buy it.",negative
"The headphones stopped working, very worst.",negative
"This laptop is awful, do not buy it.",negative
The battery and screen of this phone are worst.,negative
"Super happy with this watch, it feels brilliant.",positive
Poor value! This headphones is useless for the price.,negative
"Awful laptop, delivery was late and it is bad.",negative
"Super happy with this headphones, it feels perfect.",positive
"I hate this watch, it is useless.",negative
"This watch is useless, one star from me.",negative
"I would buy this laptop again, it is excellent.",positive
"Top quality laptop, genuinely outstanding experience.",positive
"I would buy this watch again, it is perfect.",positive
"Awful headphones, delivery was late and it is awful.",negative
"I am disappointed, the laptop is bad and slow.",negative
"This laptop is excellent, my friends all want one.",positive
"I would buy this headphones again, it is outstanding.",positive
"Perfect headphones for my needs, absolutely outstanding.",positive
"Useless watch for my needs, completely worst.",negative
"This laptop is superb, my friends all want one.",positive
The battery and screen of this phone are awesome.,positive
"Perfect watch for my needs, absolutely awesome.",positive
"Awful watch, delivery was late and it is bad.",negative
Poor value! This laptop is dreadful for the price.,negative
"Awful watch, delivery was late and it is useless.",negative
"The watch is disappointing, I regret buying it.",negative
"The watch stopped working, very dreadful.",negative
"Laggy and horrible, this headphones always disappoints.",negative
"This headphones is bad, one star from me.",negative
My headphones is amazing and worth every penny.,positive
"This phone is useless, total waste of money.",negative
"Very unhappy with this watch, it feels awful.",negative
"I am impressed, the laptop is superb and reliable.",positive
"Horrible phone, it failed dreadful out of the box.",negative
"Wonderful headphones, it works awesome out of the box.",positive
Great value! This watch is fantastic for the price.,positive
"I am impressed, the laptop is awesome and reliable.",positive
"The phone is useless, I regret buying it.",negative
"Laggy and awful, this phone always disappoints.",negative
"This headphones is worst, do not buy it.",negative
"I am disappointed, the headphones is broken and slow.",negative
"The watch is disappointing, I regret buying it.",negative
"Low quality watch, genuinely broken experience.",negative
"The laptop stopped working, very horrible.",negative
"Low quality phone, genuinely bad experience.",negative
"The phone is fantastic, I use it every day.",positive
"I love my new watch, it is wonderful!",positive
"I hate this watch, it is bad.",negative
"The watch works wonderful, highly recommended.",positive
"Horrible watch, it failed disappointing out of the box.",negative
"This watch is useless, do not buy it.",negative
"This laptop is superb, best purchase ever.",positive
Excellent headphones! The quality is superb.,positive
"Horrible headphones, it failed dreadful out of the box.",negative
"The headphones works brilliant, highly recommended.",positive
"I love my new headphones, it is wonderful!",positive
My headphones is fantastic and worth every penny.,positive
"The headphones stopped working, very awful.",negative
"This watch did not meet expectations, truly worst.",negative
Poor value! This headphones is broken for the price.,negative
Poor value! This phone is worst for the price.,negative
The headphones looks bad and performs even worse.,negative
The phone looks horrible and performs even worse.,negative
"Super happy with this phone, it feels awesome.",positive
"This watch did not meet expectations, truly bad.",negative
"Low quality watch, genuinely terrible experience.",negative
"This watch is outstanding, best purchase ever.",positive
My watch is poor and broke in a week.,negative
"The headphones works perfect, highly recommended.",positive
"Horrible phone, it failed bad out of the box.",negative
Terrible phone! The quality is disappointing.,negative
"Awful headphones, delivery was late and it is broken.",negative
"Perfect watch for my needs, absolutely fantastic.",positive
Excellent headphones! The quality is excellent.,positive
"Useless laptop for my needs, completely broken.",negative
Terrible watch! The quality is worst.,negative
"Low quality phone, genuinely worst experience.",negative
"Top quality phone, genuinely fantastic experience.",positive
"The watch is perfect, I use it every day.",positive
My watch is useless and broke in a week.,negative
"I hate this laptop, it is useless.",negative
"This laptop is worst, one star from me.",negative
"Fantastic watch, delivery was fast and it is great.",positive
"I am disappointed, the laptop is bad and slow.",negative
Terrible laptop! The quality is poor.,negative
"This laptop did not meet expectations, truly poor.",negative
"This laptop is perfect, my friends all want one.",positive
"Top quality watch, genuinely awesome experience.",positive
"This phone is wonderful, my friends all want one.",positive
The watch looks superb and performs even better.,positive
"Low quality watch, genuinely broken experience.",negative
"The headphones is broken, I regret buying it.",negative
"Useless watch for my needs, completely horrible.",negative
"The laptop works brilliant, highly recommended.",positive
The battery and screen of this headphones are broken.,negative
Poor value! This watch is useless for the price.,negative
Great value! This laptop is outstanding for the price.,positive
"Super happy with this phone, it feels great.",positive
The battery and screen of this laptop are awful.,negative
"Super happy with this watch, it feels awesome.",positive
"This headphones is great, five stars from me.",positive
"The laptop stopped working, very disappointing.",negative
"This phone is dreadful, total waste of money.",negative
"Super happy with this phone, it feels awesome.",positive
"Very unhappy with this laptop, it feels terrible.",negative
"Low quality laptop, genuinely worst experience.",negative
"I am disappointed, the watch is terrible and slow.",negative
"I would never buy this headphones again, it is horrible.",negative
The laptop looks outstanding and performs even better.,positive
The battery and screen of this headphones are useless.,negative
"Fantastic laptop, delivery was fast and it is outstanding.",positive
"Awful headphones, delivery was late and it is worst.",negative
"This headphones is outstanding, best purchase ever.",positive
"Smooth and awesome, this laptop never disappoints.",positive
"The laptop is great, I use it every day.",positive
"This laptop exceeded my expectations, truly great.",positive
"Top quality watch, genuinely brilliant experience.",positive
"I would buy this laptop again, it is brilliant.",positive
"This watch is poor, total waste of money.",negative
"I am disappointed, the headphones is broken and slow.",negative
"I love my new phone, it is amazing!",positive
"Awful watch, delivery was late and it is bad.",negative
Poor value! This phone is horrible for the price.,negative
"Smooth and wonderful, this laptop never disappoints.",positive
"The headphones works awesome, highly recommended.",positive
"Perfect phone for my needs, absolutely brilliant.",positive
"The laptop is broken, I regret buying it.",negative
"Horrible laptop, it failed broken out of the box.",negative
"This headphones is great, best purchase ever.",positive
"I would never buy this watch again, it is worst.",negative
The laptop looks awful and performs even worse.,negative
My laptop is bad and broke in a week.,negative
"This watch exceeded my expectations, truly amazing.",positive
"Super happy with this phone, it feels awesome.",positive
"This watch is excellent, my friends all want one.",positive
Excellent phone! The quality is superb.,positive
"I would never buy this headphones again, it is poor.",negative
"The headphones is awful, I regret buying it.",negative
"I would buy this laptop again, it is fantastic.",positive
Poor value! This headphones is broken for the price.,negative
"Awful phone, delivery was late and it is worst.",negative
"Awful watch, delivery was late and it is horrible.",negative
"This laptop is awful, one star from me.",negative
My phone is fantastic and worth every penny.,positive
"The watch is outstanding, I use it every day.",positive
"Laggy and bad, this watch always disappoints.",negative
Excellent laptop! The quality is superb.,positive
"Low quality watch, genuinely awful experience.",negative
Terrible phone! The quality is horrible.,negative
My watch is great and worth every penny.,positive
"Wonderful laptop, it works great out of the box.",positive
"The phone stopped working, very terrible.",negative
"I am disappointed, the laptop is worst and slow.",negative
"I am impressed, the headphones is superb and reliable.",positive
"Super happy with this headphones, it feels fantastic.",positive
"Useless watch for my needs, completely bad.",negative
"This phone is perfect, five stars from me.",positive
"I would never buy this watch again, it is dreadful.",negative
"Low quality laptop, genuinely awful experience.",negative
"Low quality watch, genuinely awful experience.",negative
"I hate this headphones, it is disappointing.",negative
"The phone works perfect, highly recommended.",positive
My phone is disappointing and broke in a week.,negative
"Awful laptop, delivery was late and it is dreadful.",negative
"I am impressed, the laptop is great and reliable.",positive
"This watch is poor, do not buy it.",negative
"I would never buy this laptop again, it is worst.",negative
"This phone is awful, do not buy it.",negative
The phone looks awesome and performs even better.,positive
Great value! This laptop is superb for the price.,positive
"I would buy this laptop again, it is awesome.",positive
"Useless laptop for my needs, completely broken.",negative
"The laptop is horrible, I regret buying it.",negative
"Laggy and dreadful, this laptop always disappoints.",negative
"The phone works fantastic, highly recommended.",positive
"This phone is awful, one star from me.",negative
"I would never buy this headphones again, it is useless.",negative
"This headphones is dreadful, one star from me.",negative
"This watch exceeded my expectations, truly perfect.",positive
"Awful phone, delivery was late and it is poor.",negative
"This laptop is great, five stars from me.",positive
"The headphones is great, I use it every day.",positive
Terrible watch! The quality is useless.,negative
"This phone is perfect, my friends all want one.",positive
"The headphones works perfect, highly recommended.",positive
"Awful watch, delivery was late and it is disappointing.",negative
"Horrible laptop, it failed worst out of the box.",negative
"Very unhappy with this phone, it feels broken.",negative
"Perfect headphones for my needs, absolutely fantastic.",positive
"This laptop did not meet expectations, truly dreadful.",negative
"The headphones stopped working, very awful.",negative
"I love my new phone, it is wonderful!",positive
"Useless headphones for my needs, completely useless.",negative
Excellent laptop! The quality is awesome.,positive
"This laptop is disappointing, do not buy it.",negative
"The phone is poor, I regret buying it.",negative
"This watch is awful, total waste of money.",negative
"Super happy with this laptop, it feels wonderful.",positive
Great value! This watch is wonderful for the price.,positive
Poor value! This laptop is bad for the price.,negative
My phone is amazing and worth every penny.,positive
"I would never buy this headphones again, it is horrible.",negative
My headphones is awesome and worth every penny.,positive
The battery and screen of this laptop are bad.,negative
"Awful watch, delivery was late and it is broken.",negative
"Very unhappy with this laptop, it feels disappointing.",negative
"I hate this phone, it is awful.",negative
"I love my new phone, it is perfect!",positive
"Useless phone for my needs, completely broken.",negative
"Fantastic phone, delivery was fast and it is superb.",positive
"Wonderful laptop, it works excellent out of the box.",positive
"Smooth and amazing, this headphones never disappoints.",positive
"This phone is outstanding, five stars from me.",positive
"Smooth and outstanding, this headphones never disappoints.",positive
"This laptop is excellent, best purchase ever.",positive
"The phone is awful, I regret buying it.",negative
My laptop is awesome and worth every penny.,positive
"This headphones did not meet expectations, truly broken.",negative
The battery and screen of this watch are amazing.,positive
"This laptop is fantastic, my friends all want one.",positive
"Smooth and perfect, this phone never disappoints.",positive
"Fantastic watch, delivery was fast and it is outstanding.",positive
"Laggy and bad, this laptop always disappoints.",negative
The watch looks terrible and performs even worse.,negative
"The phone is useless, I regret buying it.",negative
Great value! This phone is awesome for the price.,positive
"Useless headphones for my needs, completely dreadful.",negative
"Smooth and outstanding, this laptop never disappoints.",positive
"This watch is terrible, one star from me.",negative
"I hate this headphones, it is awful.",negative
"Horrible headphones, it failed poor out of the box.",negative
"I would buy this watch again, it is fantastic.",positive
"This headphones is bad, one star from me.",negative
Poor value! This watch is disappointing for the price.,negative
My laptop is worst and broke in a week.,negative
Poor value! This headphones is terrible for the price.,negative
Terrible headphones! The quality is useless.,negative
The battery and screen of this phone are awful.,negative
"The watch stopped working, very useless.",negative
"Useless laptop for my needs, completely dreadful.",negative
"I am disappointed, the laptop is terrible and slow.",negative
"This headphones is amazing, best purchase ever.",positive
"This headphones exceeded my expectations, truly outstanding.",positive
"Wonderful laptop, it works outstanding out of the box.",positive
"I am impressed, the phone is excellent and reliable.",positive
"Wonderful watch, it works awesome out of the box.",positive
"Wonderful headphones, it works outstanding out of the box.",positive
"This phone is disappointing, total waste of money.",negative
"Wonderful phone, it works awesome out of the box.",positive
"This phone is fantastic, five stars from me.",positive
The headphones looks dreadful and performs even worse.,negative
The headphones looks terrible and performs even worse.,negative
Poor value! This watch is poor for the price.,negative
"I am impressed, the headphones is wonderful and reliable.",positive
"This laptop is dreadful, do not buy it.",negative
"This headphones did not meet expectations, truly bad.",negative
Terrible headphones! The quality is dreadful.,negative
"Wonderful laptop, it works awesome out of the box.",positive
"This watch is terrible, one star from me.",negative
My watch is outstanding and worth every penny.,positive
"Smooth and superb, this phone never disappoints.",positive
"This watch is superb, five stars from me.",positive
The battery and screen of this phone are fantastic.,positive
"This phone is brilliant, my friends all want one.",positive
My phone is broken and broke in a week.,negative
"This phone is disappointing, one star from me.",negative
"This laptop is wonderful, my friends all want one.",positive
"This laptop is bad, one star from me.",negative
"Laggy and useless, this phone always disappoints.",negative
Excellent watch! The quality is great.,positive
Terrible watch! The quality is horrible.,negative
"This laptop is disappointing, one star from me.",negative
"This headphones is brilliant, best purchase ever.",positive
"This phone is great, my friends all want one.",positive
"This headphones did not meet expectations, truly broken.",negative
"The watch is outstanding, I use it every day.",positive
"I would buy this phone again, it is wonderful.",positive
"Super happy with this laptop, it feels perfect.",positive
My headphones is worst and broke in a week.,negative
"I would buy this headphones again, it is awesome.",positive
Poor value! This laptop is useless for the price.,negative
"Horrible watch, it failed bad out of the box.",negative
"This headphones exceeded my expectations, truly amazing.",positive
"I am disappointed, the laptop is awful and slow.",negative
"This watch exceeded my expectations, truly excellent.",positive
"This watch is broken, do not buy it.",negative
"Awful phone, delivery was late and it is disappointing.",negative
"Horrible headphones, it failed poor out of the box.",negative
"The watch is broken, I regret buying it.",negative
The battery and screen of this phone are superb.,positive
"This watch is bad, total waste of money.",negative
Excellent phone! The quality is fantastic.,positive
"The watch is disappointing, I regret buying it.",negative
"Super happy with this laptop, it feels wonderful.",positive
"Laggy and broken, this phone always disappoints.",negative
"This headphones exceeded my expectations, truly wonderful.",positive
"This watch is worst, do not buy it.",negative
"The watch works brilliant, highly recommended.",positive
Excellent laptop! The quality is excellent.,positive
"The laptop stopped working, very worst.",negative
"This watch did not meet expectations, truly horrible.",negative
"Top quality phone, genuinely awesome experience.",positive
"The phone works great, highly recommended.",positive
"I hate this laptop, it is horrible.",negative
"This laptop is excellent, five stars from me.",positive
"Useless headphones for my needs, completely worst.",negative
"This headphones exceeded my expectations, truly amazing.",positive
"Useless laptop for my needs, completely dreadful.",negative
"I am impressed, the phone is perfect and reliable.",positive
"Super happy with this phone, it feels superb.",positive
"Smooth and perfect, this watch never disappoints.",positive
"This watch is broken, one star from me.",negative
The battery and screen of this watch are fantastic.,positive
"Horrible laptop, it failed horrible out of the box.",negative
"Top quality headphones, genuinely perfect experience.",positive
Excellent phone! The quality is brilliant.,positive
"Low quality phone, genuinely poor experience.",negative
"Smooth and awesome, this watch never disappoints.",positive
"I love my new phone, it is awesome!",positive
"This phone is superb, best purchase ever.",positive
"The headphones is awful, I regret buying it.",negative
"The phone is brilliant, I use it every day.",positive
"This phone did not meet expectations, truly useless.",negative
"Perfect headphones for my needs, absolutely amazing.",positive
"This laptop is terrible, do not buy it.",negative
"Perfect watch for my needs, absolutely great.",positive
"This laptop is superb, my friends all want one.",positive
"This headphones is fantastic, best purchase ever.",positive
"Wonderful watch, it works wonderful out of the box.",positive
"Wonderful laptop, it works superb out of the box.",positive
The battery and screen of this phone are disappointing.,negative
"I would buy this watch again, it is superb.",positive
"Useless headphones for my needs, completely awful.",negative
"I would never buy this phone again, it is disappointing.",negative
Excellent headphones! The quality is superb.,positive
"This phone is superb, my friends all want one.",positive
"The headphones is amazing, I use it every day.",positive
The battery and screen of this headphones are disappointing.,negative
"I am disappointed, the watch is dreadful and slow.",negative
"I am disappointed, the laptop is poor and slow.",negative
Great value! This phone is brilliant for the price.,positive
"Wonderful watch, it works great out of the box.",positive
"This watch is horrible, total waste of money.",negative
"This laptop is perfect, my friends all want one.",positive
"Low quality watch, genuinely awful experience.",negative
"I hate this headphones, it is terrible.",negative
"This phone exceeded my expectations, truly brilliant.",positive
"I hate this phone, it is poor.",negative
Terrible laptop! The quality is worst.,negative
"This watch is broken, do not buy it.",negative
"I am disappointed, the watch is worst and slow.",negative
"Super happy with this laptop, it feels awesome.",positive
Poor value! This headphones is dreadful for the price.,negative
Terrible headphones! The quality is dreadful.,negative
"Low quality phone, genuinely terrible experience.",negative
"Smooth and great, this laptop never disappoints.",positive
"Smooth and wonderful, this phone never disappoints.",positive
"I am disappointed, the headphones is bad and slow.",negative
Terrible phone! The quality is bad.,negative
My headphones is brilliant and worth every penny.,positive
"Very unhappy with this headphones, it feels poor.",negative
"Very unhappy with this watch, it feels bad.",negative
Great value! This laptop is superb for the price.,positive
My phone is bad and broke in a week.,negative
"Smooth and superb, this laptop never disappoints.",positive
"This headphones did not meet expectations, truly useless.",negative
Great value! This phone is brilliant for the price.,positive
"This laptop is bad, do not buy it.",negative
"Awful phone, delivery was late and it is horrible.",negative
"I hate this headphones, it is worst.",negative
"I hate this headphones, it is poor.",negative
"This watch is brilliant, my friends all want one.",positive
"Horrible laptop, it failed poor out of the box.",negative
"Very unhappy with this watch, it feels bad.",negative
"I would never buy this headphones again, it is broken.",negative
"Top quality phone, genuinely excellent experience.",positive
"This headphones is superb, five stars from me.",positive
"Horrible watch, it failed worst out of the box.",negative
"I would never buy this watch again, it is awful.",negative
"I am disappointed, the laptop is disappointing and slow.",negative
"This laptop is excellent, best purchase ever.",positive
"The phone is awful, I regret buying it.",negative
The laptop looks awful and performs even worse.,negative
"The watch is awful, I regret buying it.",negative
Poor value! This headphones is useless for the price.,negative
"Useless headphones for my needs, completely broken.",negative
"Perfect laptop for my needs, absolutely wonderful.",positive
My headphones is horrible and broke in a week.,negative
"Awful watch, delivery was late and it is dreadful.",negative
The laptop looks excellent and performs even better.,positive
"I hate this watch, it is terrible.",negative
"Low quality laptop, genuinely worst experience.",negative
The battery and screen of this phone are disappointing.,negative
Poor value! This watch is awful for the price.,negative
"Smooth and perfect, this laptop never disappoints.",positive
"Perfect phone for my needs, absolutely fantastic.",positive
The battery and screen of this laptop are great.,positive
"This watch is useless, total waste of money.",negative
"The watch stopped working, very useless.",negative
"Perfect watch for my needs, absolutely superb.",positive
"This laptop is poor, one star from me.",negative
"Smooth and excellent, this watch never disappoints.",positive
"This headphones is outstanding, five stars from me.",positive
"I love my new watch, it is fantastic!",positive
"I love my new phone, it is outstanding!",positive
"This watch is superb, five stars from me.",positive
The phone looks worst and performs even worse.,negative
My phone is horrible and broke in a week.,negative
"Awful watch, delivery was late and it is horrible.",negative
"The headphones is terrible, I regret buying it.",negative
"Laggy and awful, this laptop always disappoints.",negative
"Fantastic phone, delivery was fast and it is awesome.",positive
Excellent laptop! The quality is amazing.,positive
"The watch is outstanding, I use it every day.",positive
"Useless headphones for my needs, completely bad.",negative
"Horrible watch, it failed awful out of the box.",negative
Great value! This watch is great for the price.,positive
"This phone is dreadful, total waste of money.",negative
"Very unhappy with this headphones, it feels poor.",negative
"Fantastic phone, delivery was fast and it is amazing.",positive
"Awful laptop, delivery was late and it is dreadful.",negative
"Laggy and terrible, this watch always disappoints.",negative
"Useless phone for my needs, completely dreadful.",negative
"I would never buy this laptop again, it is disappointing.",negative
"Low quality watch, genuinely useless experience.",negative
"Smooth and superb, this laptop never disappoints.",positive
"I am impressed, the watch is great and reliable.",positive
"The phone stopped working, very disappointing.",negative
"This laptop is awesome, five stars from me.",positive
My laptop is awesome and worth every penny.,positive
"Wonderful phone, it works wonderful out of the box.",positive
Poor value! This watch is broken for the price.,negative
"Smooth and fantastic, this laptop never disappoints.",positive
"Laggy and terrible, this headphones always disappoints.",negative
My watch is awesome and worth every penny.,positive
"Smooth and great, this laptop never disappoints.",positive
"This watch exceeded my expectations, truly brilliant.",positive
"Smooth and superb, this phone never disappoints.",positive
"Smooth and superb, this phone never disappoints.",positive
"Fantastic watch, delivery was fast and it is awesome.",positive
The phone looks excellent and performs even better.,positive
"Useless phone for my needs, completely terrible.",negative
"I am disappointed, the phone is disappointing and slow.",negative
"The laptop is great, I use it every day.",positive
The battery and screen of this watch are worst.,negative
"Awful phone, delivery was late and it is disappointing.",negative
"Super happy with this headphones, it feels amazing.",positive
Poor value! This phone is horrible for the price.,negative
"I am impressed, the watch is outstanding and reliable.",positive
The battery and screen of this phone are disappointing.,negative
"Useless watch for my needs, completely dreadful.",negative
Great value! This laptop is awesome for the price.,positive
Excellent headphones! The quality is wonderful.,positive
"Useless phone for my needs, completely awful.",negative
"The headphones is fantastic, I use it every day.",positive
"The phone is brilliant, I use it every day.",positive
"Very unhappy with this phone, it feels awful.",negative
"This laptop is awful, one star from me.",negative
The watch looks great and performs even better.,positive
"Wonderful headphones, it works superb out of the box.",positive
"Fantastic watch, delivery was fast and it is fantastic.",positive
"Fantastic watch, delivery was fast and it is superb.",positive
"The phone is great, I use it every day.",positive
"This watch exceeded my expectations, truly superb.",positive
Terrible headphones! The quality is useless.,negative
"Awful watch, delivery was late and it is awful.",negative
"The laptop is perfect, I use it every day.",positive
"The laptop is bad, I regret buying it.",negative
Great value! This watch is superb for the price.,positive
The watch looks dreadful and performs even worse.,negative
"Super happy with this laptop, it feels brilliant.",positive
Terrible phone! The quality is broken.,negative
"This phone is useless, one star from me.",negative
"I would never buy this headphones again, it is horrible.",negative
"This laptop is useless, do not buy it.",negative
The headphones looks horrible and performs even worse.,negative
"Horrible watch, it failed broken out of the box.",negative
"I would never buy this watch again, it is terrible.",negative
"This watch is useless, one star from me.",negative
"This headphones is excellent, best purchase ever.",positive
"Super happy with this phone, it feels fantastic.",positive
"The watch is awful, I regret buying it.",negative
Poor value! This laptop is bad for the price.,negative
The laptop looks disappointing and performs even worse.,negative
"Wonderful headphones, it works awesome out of the box.",positive
"Fantastic laptop, delivery was fast and it is awesome.",positive
Poor value! This watch is bad for the price.,negative
"This phone did not meet expectations, truly horrible.",negative
"Low quality phone, genuinely horrible experience.",negative
"The laptop stopped working, very broken.",negative
"This phone is excellent, best purchase ever.",positive
Poor value! This laptop is dreadful for the price.,negative
"This headphones did not meet expectations, truly broken.",negative
"I am impressed, the laptop is superb and reliable.",positive
"Fantastic headphones, delivery was fast and it is amazing.",positive
"Top quality watch, genuinely fantastic experience.",positive
"This headphones is awesome, my friends all want one.",positive
"Laggy and poor, this headphones always disappoints.",negative
Excellent watch! The quality is amazing.,positive
"The watch works great, highly recommended.",positive
Excellent watch! The quality is amazing.,positive
"The laptop is brilliant, I use it every day.",positive
Poor value! This watch is poor for the price.,negative
"Smooth and outstanding, this laptop never disappoints.",positive
"This laptop exceeded my expectations, truly awesome.",positive
"Horrible watch, it failed broken out of the box.",negative
My watch is fantastic and worth every penny.,positive
The battery and screen of this phone are great.,positive
Excellent laptop! The quality is awesome.,positive
The battery and screen of this laptop are excellent.,positive
"I would never buy this laptop again, it is dreadful.",negative
"Very unhappy with this watch, it feels awful.",negative
Great value! This headphones is brilliant for the price.,positive
"This phone is outstanding, five stars from me.",positive
The battery and screen of this laptop are bad.,negative
"Wonderful watch, it works perfect out of the box.",positive
"This phone is broken, do not buy it.",negative
"The laptop works perfect, highly recommended.",positive
The battery and screen of this watch are poor.,negative
"The watch stopped working, very bad.",negative
Excellent phone! The quality is wonderful.,positive
My watch is awesome and worth every penny.,positive
"Wonderful phone, it works amazing out of the box.",positive
"Very unhappy with this laptop, it feels poor.",negative
"Smooth and outstanding, this watch never disappoints.",positive
"Perfect phone for my needs, absolutely brilliant.",positive
"This laptop is brilliant, five stars from me.",positive
"Awful phone, delivery was late and it is awful.",negative
"Super happy with this laptop, it feels outstanding.",positive
My laptop is horrible and broke in a week.,negative
"I love my new laptop, it is wonderful!",positive
"Wonderful phone, it works wonderful out of the box.",positive
Poor value! This watch is dreadful for the price.,negative
Terrible laptop! The quality is poor.,negative
"I love my new watch, it is outstanding!",positive
"This watch did not meet expectations, truly useless.",negative
"Very unhappy with this watch, it feels dreadful.",negative
"Laggy and worst, this phone always disappoints.",negative
The battery and screen of this headphones are superb.,positive
Terrible watch! The quality is broken.,negative
My phone is outstanding and worth every penny.,positive
My phone is bad and broke in a week.,negative
"Awful watch, delivery was late and it is worst.",negative
"Fantastic laptop, delivery was fast and it is fantastic.",positive
Terrible laptop! The quality is worst.,negative
"I hate this phone, it is bad.",negative
"Low quality watch, genuinely broken experience.",negative
The watch looks excellent and performs even better.,positive
My headphones is superb and worth every penny.,positive
"I would never buy this watch again, it is useless.",negative
"Smooth and outstanding, this watch never disappoints.",positive
"This laptop is poor, do not buy it.",negative
"I am disappointed, the headphones is broken and slow.",negative
Excellent watch! The quality is awesome.,positive
"This watch is poor, total waste of money.",negative
Great value! This laptop is great for the price.,positive
"This headphones did not meet expectations, truly poor.",negative
My phone is brilliant and worth every penny.,positive
"I would buy this phone again, it is wonderful.",positive
My phone is disappointing and broke in a week.,negative
"This headphones is perfect, my friends all want one.",positive
The watch looks excellent and performs even better.,positive
The watch looks excellent and performs even better.,positive
"The headphones is useless, I regret buying it.",negative
"Awful watch, delivery was late and it is horrible.",negative
My watch is amazing and worth every penny.,positive
"Perfect laptop for my needs, absolutely awesome.",positive
"I would buy this laptop again, it is wonderful.",positive
"The phone is useless, I regret buying it.",negative
"I hate this laptop, it is broken.",negative
"Top quality laptop, genuinely outstanding experience.",positive
"I hate this phone, it is worst.",negative
"Very unhappy with this headphones, it feels awful.",negative
"This laptop did not meet expectations, truly useless.",negative
"This headphones did not meet expectations, truly broken.",negative
"The phone is broken, I regret buying it.",negative
"I am impressed, the phone is great and reliable.",positive
"I would buy this headphones again, it is brilliant.",positive
"The watch is amazing, I use it every day.",positive
Poor value! This headphones is useless for the price.,negative
"Top quality laptop, genuinely outstanding experience.",positive
Poor value! This laptop is useless for the price.,negative
"Fantastic laptop, delivery was fast and it is great.",positive
The battery and screen of this headphones are superb.,positive
"Wonderful laptop, it works wonderful out of the box.",positive
"I would buy this laptop again, it is perfect.",positive
"I would never buy this headphones again, it is bad.",negative
"I am impressed, the watch is brilliant and reliable.",positive
Great value! This phone is amazing for the price.,positive
"The watch stopped working, very terrible.",negative
"I hate this laptop, it is horrible.",negative
"Useless headphones for my needs, completely bad.",negative
"This phone is poor, total waste of money.",negative
"I love my new phone, it is wonderful!",positive
The headphones looks outstanding and performs even better.,positive
"This phone is wonderful, five stars from me.",positive
Excellent headphones! The quality is amazing.,positive
"I would buy this phone again, it is superb.",positive
"This laptop is horrible, total waste of money.",negative
"I hate this headphones, it is terrible.",negative
"I am impressed, the phone is awesome and reliable.",positive
"The headphones works excellent, highly recommended.",positive
"I hate this phone, it is poor.",negative
"I would never buy this headphones again, it is horrible.",negative
"I hate this headphones, it is poor.",negative
"I am impressed, the watch is superb and reliable.",positive
"This headphones is outstanding, five stars from me.",positive
"Awful phone, delivery was late and it is horrible.",negative
"Wonderful watch, it works amazing out of the box.",positive
The phone looks poor and performs even worse.,negative
"This laptop exceeded my expectations, truly amazing.",positive
"I hate this laptop, it is terrible.",negative
"This watch exceeded my expectations, truly superb.",positive
"Perfect watch for my needs, absolutely brilliant.",positive
"This phone is disappointing, do not buy it.",negative
"I love my new headphones, it is fantastic!",positive
"Very unhappy with this watch, it feels useless.",negative
"I am impressed, the laptop is brilliant and reliable.",positive
The watch looks great and performs even better.,positive
My watch is broken and broke in a week.,negative
My watch is bad and broke in a week.,negative
Poor value! This headphones is terrible for the price.,negative
"This headphones is dreadful, one star from me.",negative
The laptop looks useless and performs even worse.,negative
"The laptop is poor, I regret buying it.",negative
"I would never buy this phone again, it is bad.",negative
"I am disappointed, the watch is worst and slow.",negative
"Very unhappy with this phone, it feels disappointing.",negative
"Laggy and dreadful, this headphones always disappoints.",negative
My headphones is useless and broke in a week.,negative
"Perfect phone for my needs, absolutely perfect.",positive
"Wonderful watch, it works excellent out of the box.",positive
"Super happy with this watch, it feels awesome.",positive
"Useless headphones for my needs, completely worst.",negative
The watch looks terrible and performs even worse.,negative
The watch looks poor and performs even worse.,negative
Terrible laptop! The quality is broken.,negative
"Fantastic laptop, delivery was fast and it is awesome.",positive
"I would buy this watch again, it is outstanding.",positive
"Top quality watch, genuinely outstanding experience.",positive
"Wonderful watch, it works brilliant out of the box.",positive
"This watch exceeded my expectations, truly superb.",positive
"This laptop is superb, five stars from me.",positive
"This laptop is great, best purchase ever.",positive
Poor value! This laptop is awful for the price.,negative
"Smooth and superb, this headphones never disappoints.",positive
"This headphones is bad, total waste of money.",negative
"Useless headphones for my needs, completely dreadful.",negative
"Awful laptop, delivery was late and it is awful.",negative
The battery and screen of this phone are outstanding.,positive
"Horrible watch, it failed disappointing out of the box.",negative
Great value! This laptop is fantastic for the price.,positive
Great value! This laptop is fantastic for the price.,positive
"I would buy this phone again, it is great.",positive
"The headphones works excellent, highly recommended.",positive
"Low quality laptop, genuinely disappointing experience.",negative
"The headphones stopped working, very broken.",negative
"I would buy this phone again, it is brilliant.",positive
My laptop is perfect and worth every penny.,positive
Great value! This headphones is excellent for the price.,positive
My phone is perfect and worth every penny.,positive
"Fantastic watch, delivery was fast and it is awesome.",positive
"Horrible laptop, it failed poor out of the box.",negative
Great value! This watch is awesome for the price.,positive
"The laptop is perfect, I use it every day.",positive
"I am impressed, the phone is wonderful and reliable.",positive
"Low quality phone, genuinely disappointing experience.",negative
"This headphones exceeded my expectations, truly excellent.",positive
"Awful headphones, delivery was late and it is awful.",negative
"The laptop stopped working, very poor.",negative
"I hate this headphones, it is broken.",negative
"I would buy this watch again, it is awesome.",positive
"I would buy this watch again, it is wonderful.",positive
"Very unhappy with this watch, it feels dreadful.",negative
"Smooth and perfect, this headphones never disappoints.",positive
"Top quality headphones, genuinely superb experience.",positive
"This laptop is outstanding, my friends all want one.",positive
"This laptop is horrible, total waste of money.",negative
"Super happy with this phone, it feels great.",positive
"This laptop exceeded my expectations, truly amazing.",positive
"Laggy and broken, this laptop always disappoints.",negative
"This headphones is useless, one star from me.",negative
"Awful watch, delivery was late and it is dreadful.",negative
"This headphones is awesome, five stars from me.",positive
"The phone is amazing, I use it every day.",positive
The battery and screen of this watch are awful.,negative
"I am impressed, the headphones is superb and reliable.",positive
"Useless watch for my needs, completely terrible.",negative
"This laptop is great, five stars from me.",positive
"This laptop is bad, total waste of money.",negative
Great value! This laptop is excellent for the price.,positive
My phone is wonderful and worth every penny.,positive
"This phone is superb, five stars from me.",positive
The battery and screen of this watch are superb.,positive
"This phone is horrible, one star from me.",negative
"Super happy with this watch, it feels excellent.",positive
Terrible headphones! The quality is broken.,negative
"I am impressed, the laptop is great and reliable.",positive
"Low quality watch, genuinely poor experience.",negative
"Useless watch for my needs, completely disappointing.",negative
My watch is disappointing and broke in a week.,negative
Poor value! This phone is poor for the price.,negative
Terrible headphones! The quality is dreadful.,negative
"Smooth and great, this watch never disappoints.",positive
"I would never buy this headphones again, it is horrible.",negative
The phone looks poor and performs even worse.,negative
The laptop looks bad and performs even worse.,negative
"I am impressed, the phone is awesome and reliable.",positive
Excellent laptop! The quality is brilliant.,positive
"Very unhappy with this laptop, it feels useless.",negative
"Fantastic phone, delivery was fast and it is superb.",positive
"Low quality headphones, genuinely dreadful experience.",negative
"This headphones is useless, total waste of money.",negative
"I would buy this laptop again, it is awesome.",positive
The watch looks wonderful and performs even better.,positive
"I would never buy this laptop again, it is disappointing.",negative
"The headphones stopped working, very horrible.",negative
"Laggy and broken, this watch always disappoints.",negative
"This laptop is awesome, best purchase ever.",positive
The battery and screen of this phone are dreadful.,negative
The battery and screen of this phone are awful.,negative
"I am disappointed, the headphones is disappointing and slow.",negative
"Perfect headphones for my needs, absolutely perfect.",positive
"This phone is poor, one star from me.",negative
"The headphones is perfect, I use it every day.",positive
"I would never buy this phone again, it is bad.",negative
"This watch is useless, one star from me.",negative
The phone looks worst and performs even worse.,negative
"Very unhappy with this phone, it feels horrible.",negative
"This watch is horrible, total waste of money.",negative
"This laptop is brilliant, best purchase ever.",positive
"I hate this watch, it is bad.",negative
"Fantastic phone, delivery was fast and it is superb.",positive
Great value! This laptop is outstanding for the price.,positive
The battery and screen of this watch are perfect.,positive
"Smooth and wonderful, this watch never disappoints.",positive
Poor value! This headphones is disappointing for the price.,negative
My laptop is perfect and worth every penny.,positive
Great value! This headphones is superb for the price.,positive
"This laptop exceeded my expectations, truly superb.",positive
"Awful watch, delivery was late and it is broken.",negative
Excellent watch! The quality is brilliant.,positive
"The headphones stopped working, very terrible.",negative
"The headphones works outstanding, highly recommended.",positive
The battery and screen of this watch are awesome.,positive
"I am impressed, the headphones is superb and reliable.",positive
"I would buy this headphones again, it is fantastic.",positive
"Awful laptop, delivery was late and it is horrible.",negative
"Horrible headphones, it failed poor out of the box.",negative
"Low quality laptop, genuinely disappointing experience.",negative
"Horrible watch, it failed terrible out of the box.",negative
My phone is awful and broke in a week.,negative
My headphones is poor and broke in a week.,negative
"Laggy and bad, this headphones always disappoints.",negative
"This laptop is amazing, five stars from me.",positive
"This phone is horrible, one star from me.",negative
"I would buy this watch again, it is brilliant.",positive
"The watch stopped working, very terrible.",negative
The phone looks great and performs even better.,positive
The battery and screen of this phone are disappointing.,negative
"This laptop did not meet expectations, truly broken.",negative
"I am impressed, the laptop is perfect and reliable.",positive
"This headphones is wonderful, my friends all want one.",positive
"I love my new laptop, it is awesome!",positive
"This watch did not meet expectations, truly poor.",negative
"Smooth and superb, this watch never disappoints.",positive
The battery and screen of this phone are brilliant.,positive
"Super happy with this laptop, it feels great.",positive
"I hate this laptop, it is terrible.",negative
"I would buy this watch again, it is wonderful.",positive
"Smooth and excellent, this laptop never disappoints.",positive
"I am disappointed, the phone is broken and slow.",negative
"This laptop is awesome, best purchase ever.",positive
"I am disappointed, the watch is poor and slow.",negative
"I would buy this laptop again, it is fantastic.",positive
The watch looks great and performs even better.,positive
"I would never buy this watch again, it is useless.",negative
"Awful watch, delivery was late and it is awful.",negative
"Smooth and fantastic, this phone never disappoints.",positive
"This phone is great, my friends all want one.",positive
Terrible phone! The quality is terrible.,negative
"The phone is worst, I regret buying it.",negative
"This headphones is disappointing, total waste of money.",negative
The battery and screen of this watch are great.,positive
"This watch did not meet expectations, truly worst.",negative
"This watch is wonderful, best purchase ever.",positive
"I am impressed, the laptop is fantastic and reliable.",positive
"This headphones is poor, one star from me.",negative
My headphones is disappointing and broke in a week.,negative
"Wonderful headphones, it works awesome out of the box.",positive
Great value! This laptop is fantastic for the price.,positive
"Horrible watch, it failed poor out of the box.",negative
The battery and screen of this laptop are awesome.,positive
"This phone did not meet expectations, truly awful.",negative
Terrible headphones! The quality is horrible.,negative
"I am disappointed, the watch is disappointing and slow.",negative
"The headphones stopped working, very broken.",negative
"This headphones is broken, total waste of money.",negative
"I am impressed, the headphones is perfect and reliable.",positive
"The phone is horrible, I regret buying it.",negative
"I would never buy this phone again, it is useless.",negative
"This laptop is excellent, five stars from me.",positive
"This headphones is excellent, my friends all want one.",positive
"Awful laptop, delivery was late and it is broken.",negative
"Laggy and horrible, this headphones always disappoints.",negative
Poor value! This watch is poor for the price.,negative
"Perfect phone for my needs, absolutely superb.",positive
Terrible phone! The quality is bad.,negative
Poor value! This phone is broken for the price.,negative
Excellent laptop! The quality is perfect.,positive
"This laptop is worst, one star from me.",negative
"The phone works wonderful, highly recommended.",positive
"This watch did not meet expectations, truly terrible.",negative
"This watch is bad, do not buy it.",negative
"This phone is fantastic, five stars from me.",positive
"I hate this watch, it is useless.",negative
The battery and screen of this headphones are horrible.,negative
My headphones is disappointing and broke in a week.,negative
"Useless laptop for my needs, completely terrible.",negative
"This phone is poor, total waste of money.",negative
"I would buy this watch again, it is excellent.",positive
"Smooth and superb, this phone never disappoints.",positive
Terrible phone! The quality is horrible.,negative
"This watch is outstanding, five stars from me.",positive
"This phone is bad, one star from me.",negative
"Very unhappy with this watch, it feels terrible.",negative
Poor value! This watch is poor for the price.,negative
"This headphones is useless, one star from me.",negative
The headphones looks superb and performs even better.,positive
The battery and screen of this phone are dreadful.,negative
"The watch is useless, I regret buying it.",negative
"Super happy with this watch, it feels fantastic.",positive
"The phone works fantastic, highly recommended.",positive
"Horrible laptop, it failed terrible out of the box.",negative
The phone looks brilliant and performs even better.,positive
"This phone is great, my friends all want one.",positive
"Awful watch, delivery was late and it is dreadful.",negative
"Very unhappy with this watch, it feels worst.",negative
"The watch is wonderful, I use it every day.",positive
"I love my new phone, it is fantastic!",positive
"This headphones is outstanding, best purchase ever.",positive
"Low quality phone, genuinely horrible experience.",negative
The battery and screen of this headphones are superb.,positive
"I hate this watch, it is awful.",negative
"This headphones is awful, total waste of money.",negative
The battery and screen of this phone are broken.,negative
"Horrible laptop, it failed bad out of the box.",negative
Great value! This laptop is fantastic for the price.,positive
"This watch is outstanding, best purchase ever.",positive
Terrible phone! The quality is poor.,negative
"The headphones is broken, I regret buying it.",negative
Terrible laptop! The quality is useless.,negative
"Very unhappy with this headphones, it feels horrible.",negative
"Wonderful laptop, it works great out of the box.",positive
"The watch is horrible, I regret buying it.",negative
"Fantastic watch, delivery was fast and it is fantastic.",positive
"Useless watch for my needs, completely dreadful.",negative
"This laptop is useless, do not buy it.",negative
"This phone is bad, do not buy it.",negative
The battery and screen of this laptop are bad.,negative
"Smooth and superb, this headphones never disappoints.",positive
"The phone is great, I use it every day.",positive
"The laptop stopped working, very dreadful.",negative
"I would never buy this laptop again, it is horrible.",negative
The battery and screen of this headphones are awesome.,positive
"I love my new headphones, it is perfect!",positive
The battery and screen of this headphones are worst.,negative
"Super happy with this watch, it feels awesome.",positive
Poor value! This headphones is worst for the price.,negative
Great value! This watch is wonderful for the price.,positive
"Very unhappy with this watch, it feels horrible.",negative
Poor value! This laptop is disappointing for the price.,negative
"Perfect headphones for my needs, absolutely fantastic.",positive
My watch is outstanding and worth every penny.,positive
"The laptop stopped working, very dreadful.",negative
The battery and screen of this headphones are superb.,positive
The watch looks great and performs even better.,positive
"This laptop is useless, one star from me.",negative
"I am disappointed, the headphones is useless and slow.",negative
"I am disappointed, the phone is disappointing and slow.",negative
"The phone works perfect, highly recommended.",positive
The battery and screen of this watch are terrible.,negative
"Horrible headphones, it failed disappointing out of the box.",negative
"The laptop works great, highly recommended.",positive
"I love my new laptop, it is fantastic!",positive
"I love my new headphones, it is awesome!",positive
Terrible watch! The quality is poor.,negative
"I am disappointed, the phone is bad and slow.",negative
The phone looks awful and performs even worse.,negative
The laptop looks excellent and performs even better.,positive
"Laggy and useless, this laptop always disappoints.",negative
"This phone is bad, one star from me.",negative
"The phone is poor, I regret buying it.",negative
"Very unhappy with this laptop, it feels broken.",negative
"I would never buy this phone again, it is terrible.",negative
Terrible watch! The quality is dreadful.,negative
Excellent phone! The quality is wonderful.,positive
"This phone is broken, total waste of money.",negative
My headphones is broken and broke in a week.,negative
"This laptop is amazing, five stars from me.",positive
"I love my new laptop, it is superb!",positive
"This watch is excellent, five stars from me.",positive
The headphones looks useless and performs even worse.,negative
"Very unhappy with this watch, it feels horrible.",negative
"The headphones stopped working, very poor.",negative
My phone is terrible and broke in a week.,negative
The watch looks awesome and performs even better.,positive
"Very unhappy with this phone, it feels horrible.",negative
"Perfect watch for my needs, absolutely great.",positive
"Smooth and fantastic, this headphones never disappoints.",positive
"Perfect headphones for my needs, absolutely wonderful.",positive
"Smooth and wonderful, this phone never disappoints.",positive
"Fantastic phone, delivery was fast and it is wonderful.",positive
"Top quality watch, genuinely amazing experience.",positive
The headphones looks useless and performs even worse.,negative
"Smooth and perfect, this laptop never disappoints.",positive
"This watch is superb, five stars from me.",positive
"Useless watch for my needs, completely horrible.",negative
"The watch is useless, I regret buying it.",negative
The battery and screen of this headphones are perfect.,positive
"Super happy with this laptop, it feels fantastic.",positive
"Useless watch for my needs, completely useless.",negative
"Horrible phone, it failed useless out of the box.",negative
"This headphones is superb, best purchase ever.",positive
"Useless watch for my needs, completely terrible.",negative
Terrible headphones! The quality is worst.,negative
My phone is disappointing and broke in a week.,negative
"Wonderful headphones, it works great out of the box.",positive
"I am impressed, the laptop is wonderful and reliable.",positive
"The laptop works excellent, highly recommended.",positive
The battery and screen of this phone are worst.,negative
"I would never buy this laptop again, it is dreadful.",negative
"Awful laptop, delivery was late and it is terrible.",negative
"Super happy with this headphones, it feels excellent.",positive
"The phone stopped working, very bad.",negative
"Perfect watch for my needs, absolutely great.",positive
"This phone exceeded my expectations, truly brilliant.",positive
The watch looks horrible and performs even worse.,negative
"Smooth and outstanding, this phone never disappoints.",positive
"The headphones is dreadful, I regret buying it.",negative
Terrible watch! The quality is worst.,negative
"This headphones is awful, total waste of money.",negative
"The laptop is perfect, I use it every day.",positive
"Top quality laptop, genuinely brilliant experience.",positive
The battery and screen of this phone are poor.,negative
Great value! This phone is brilliant for the price.,positive
"The headphones works wonderful, highly recommended.",positive
The laptop looks horrible and performs even worse.,negative
"This headphones is poor, one star from me.",negative
"This watch is terrible, do not buy it.",negative
"Perfect watch for my needs, absolutely superb.",positive
"Awful phone, delivery was late and it is terrible.",negative
"Very unhappy with this watch, it feels disappointing.",negative
"This headphones did not meet expectations, truly bad.",negative
"I love my new headphones, it is fantastic!",positive
"This phone is brilliant, five stars from me.",positive
The laptop looks great and performs even better.,positive
"I am impressed, the watch is amazing and reliable.",positive
My phone is worst and broke in a week.,negative
My phone is horrible and broke in a week.,negative
"This watch did not meet expectations, truly terrible.",negative
The battery and screen of this watch are brilliant.,positive
"Horrible phone, it failed bad out of the box.",negative
"I would buy this laptop again, it is outstanding.",positive
"This watch is disappointing, total waste of money.",negative
"Top quality headphones, genuinely fantastic experience.",positive
"This phone is bad, do not buy it.",negative
"Perfect laptop for my needs, absolutely superb.",positive
"Awful phone, delivery was late and it is disappointing.",negative
Terrible headphones! The quality is terrible.,negative
Poor value! This laptop is broken for the price.,negative
"Useless watch for my needs, completely awful.",negative
"This watch is fantastic, five stars from me.",positive
"This phone is perfect, best purchase ever.",positive
"This headphones is excellent, five stars from me.",positive
Great value! This headphones is fantastic for the price.,positive
"I would buy this headphones again, it is wonderful.",positive
"The headphones is terrible, I regret buying it.",negative
Poor value! This phone is bad for the price.,negative
"The watch is terrible, I regret buying it.",negative
"Very unhappy with this phone, it feels bad.",negative
Excellent watch! The quality is fantastic.,positive
"Fantastic headphones, delivery was fast and it is wonderful.",positive
"Wonderful laptop, it works superb out of the box.",positive
"I love my new phone, it is perfect!",positive
"Perfect watch for my needs, absolutely great.",positive
"Low quality watch, genuinely broken experience.",negative
"I am impressed, the phone is wonderful and reliable.",positive
The battery and screen of this laptop are poor.,negative
The watch looks excellent and performs even better.,positive
"The watch stopped working, very horrible.",negative
"I would never buy this watch again, it is disappointing.",negative
Great value! This headphones is perfect for the price.,positive
My watch is useless and broke in a week.,negative
"Very unhappy with this headphones, it feels poor.",negative
Great value! This phone is fantastic for the price.,positive
The phone looks horrible and performs even worse.,negative
"I would buy this phone again, it is awesome.",positive
"Smooth and awesome, this laptop never disappoints.",positive
"This laptop is wonderful, best purchase ever.",positive
Terrible laptop! The quality is awful.,negative
"Horrible laptop, it failed useless out of the box.",negative
"Smooth and excellent, this laptop never disappoints.",positive
"This laptop is bad, total waste of money.",negative
"This headphones is bad, do not buy it.",negative
"I love my new phone, it is superb!",positive
"I love my new laptop, it is fantastic!",positive
Terrible phone! The quality is terrible.,negative
My phone is brilliant and worth every penny.,positive
"Top quality laptop, genuinely brilliant experience.",positive
The phone looks terrible and performs even worse.,negative
"Fantastic phone, delivery was fast and it is great.",positive
"The watch is awesome, I use it every day.",positive
Terrible watch! The quality is awful.,negative
"Horrible watch, it failed broken out of the box.",negative
"Smooth and perfect, this headphones never disappoints.",positive
"Very unhappy with this phone, it feels bad.",negative
"I would never buy this watch again, it is awful.",negative
"This laptop did not meet expectations, truly dreadful.",negative
"Low quality laptop, genuinely dreadful experience.",negative
"This watch did not meet expectations, truly awful.",negative
The headphones looks awesome and performs even better.,positive
"Super happy with this phone, it feels amazing.",positive
"Horrible watch, it failed worst out of the box.",negative
"I love my new phone, it is fantastic!",positive
"I would never buy this headphones again, it is broken.",negative
The watch looks excellent and performs even better.,positive
The laptop looks awful and performs even worse.,negative
"The watch works brilliant, highly recommended.",positive
The battery and screen of this phone are broken.,negative
"This phone is disappointing, one star from me.",negative
The watch looks broken and performs even worse.,negative
My watch is useless and broke in a week.,negative
The battery and screen of this watch are bad.,negative
"Low quality phone, genuinely horrible experience.",negative
"Wonderful headphones, it works outstanding out of the box.",positive
"This laptop is brilliant, my friends all want one.",positive
Terrible watch! The quality is worst.,negative
"Very unhappy with this laptop, it feels dreadful.",negative
"The phone is brilliant, I use it every day.",positive
"Horrible headphones, it failed horrible out of the box.",negative
"Useless laptop for my needs, completely poor.",negative
Great value! This laptop is fantastic for the price.,positive
"This watch exceeded my expectations, truly outstanding.",positive
"This phone is disappointing, one star from me.",negative
"This phone is useless, one star from me.",negative
"The laptop stopped working, very poor.",negative
"Smooth and outstanding, this watch never disappoints.",positive
"Very unhappy with this phone, it feels poor.",negative
"Awful phone, delivery was late and it is horrible.",negative
"Super happy with this watch, it feels brilliant.",positive
"The headphones works amazing, highly recommended.",positive
Great value! This watch is amazing for the price.,positive
"This laptop is dreadful, total waste of money.",negative
"This watch exceeded my expectations, truly perfect.",positive
"This headphones is broken, one star from me.",negative
"Awful laptop, delivery was late and it is dreadful.",negative
"This laptop is awful, do not buy it.",negative
"Horrible headphones, it failed terrible out of the box.",negative
The laptop looks brilliant and performs even better.,positive
"The laptop is awful, I regret buying it.",negative
Poor value! This headphones is dreadful for the price.,negative
"This phone is awesome, my friends all want one.",positive
"Wonderful watch, it works outstanding out of the box.",positive
"The phone is poor, I regret buying it.",negative
"This phone is broken, one star from me.",negative
The battery and screen of this phone are wonderful.,positive
Poor value! This watch is dreadful for the price.,negative
The battery and screen of this laptop are bad.,negative
"This phone is outstanding, best purchase ever.",positive
"Fantastic watch, delivery was fast and it is amazing.",positive
My laptop is horrible and broke in a week.,negative
"Fantastic phone, delivery was fast and it is brilliant.",positive
"Wonderful phone, it works wonderful out of the box.",positive
"This phone is wonderful, best purchase ever.",positive
Terrible headphones! The quality is dreadful.,negative
"The headphones stopped working, very useless.",negative
"Wonderful watch, it works great out of the box.",positive
"Smooth and brilliant, this headphones never disappoints.",positive
Excellent laptop! The quality is brilliant.,positive
The battery and screen of this watch are useless.,negative
"Smooth and amazing, this laptop never disappoints.",positive
My phone is excellent and worth every penny.,positive
Poor value! This phone is disappointing for the price.,negative
My phone is disappointing and broke in a week.,negative
"Awful laptop, delivery was late and it is awful.",negative
"Fantastic laptop, delivery was fast and it is perfect.",positive
"This laptop did not meet expectations, truly poor.",negative
"I am impressed, the phone is brilliant and reliable.",positive
The battery and screen of this laptop are poor.,negative
"Top quality phone, genuinely wonderful experience.",positive
"The phone is amazing, I use it every day.",positive
"Low quality headphones, genuinely dreadful experience.",negative
Excellent headphones! The quality is outstanding.,positive
My watch is awful and broke in a week.,negative
"Fantastic watch, delivery was fast and it is perfect.",positive
"The watch stopped working, very poor.",negative
"The headphones stopped working, very broken.",negative
"I hate this headphones, it is bad.",negative
Great value! This headphones is great for the price.,positive
"This laptop is bad, one star from me.",negative
"Top quality headphones, genuinely brilliant experience.",positive
"Low quality laptop, genuinely awful experience.",negative
"This headphones is brilliant, my friends all want one.",positive
"The watch is broken, I regret buying it.",negative
"This laptop exceeded my expectations, truly wonderful.",positive
"I am disappointed, the laptop is poor and slow.",negative
My watch is disappointing and broke in a week.,negative
The phone looks fantastic and performs even better.,positive
"I am impressed, the watch is brilliant and reliable.",positive
The battery and screen of this watch are terrible.,negative
"The watch is bad, I regret buying it.",negative
"This headphones is broken, one star from me.",negative
The battery and screen of this phone are fantastic.,positive
My watch is disappointing and broke in a week.,negative
The watch looks worst and performs even worse.,negative
"Perfect headphones for my needs, absolutely outstanding.",positive
The laptop looks awful and performs even worse.,negative
"This watch is amazing, my friends all want one.",positive
"I hate this laptop, it is dreadful.",negative
"This headphones is poor, do not buy it.",negative
"This watch did not meet expectations, truly terrible.",negative
"This watch is broken, one star from me.",negative
"This headphones is horrible, total waste of money.",negative
"Smooth and excellent, this watch never disappoints.",positive
My laptop is amazing and worth every penny.,positive
The watch looks poor and performs even worse.,negative
"Useless headphones for my needs, completely horrible.",negative
"Very unhappy with this watch, it feels horrible.",negative
My laptop is broken and broke in a week.,negative
"The phone is wonderful, I use it every day.",positive
"I love my new laptop, it is fantastic!",positive
"The phone stopped working, very useless.",negative
"Horrible laptop, it failed dreadful out of the box.",negative
"This headphones is awesome, best purchase ever.",positive
"I am impressed, the laptop is great and reliable.",positive
"Laggy and bad, this laptop always disappoints.",negative
Great value! This phone is superb for the price.,positive
"I love my new watch, it is excellent!",positive
"The watch works excellent, highly recommended.",positive
"Useless watch for my needs, completely broken.",negative
"This watch did not meet expectations, truly disappointing.",negative
Terrible phone! The quality is disappointing.,negative
Terrible laptop! The quality is dreadful.,negative
"The watch stopped working, very worst.",negative
"I love my new laptop, it is perfect!",positive
Terrible watch! The quality is disappointing.,negative
"This headphones is horrible, total waste of money.",negative
"The phone stopped working, very broken.",negative
"This laptop is useless, total waste of money.",negative
My phone is amazing and worth every penny.,positive
Excellent laptop! The quality is wonderful.,positive
"The laptop is poor, I regret buying it.",negative
"I would never buy this headphones again, it is poor.",negative
"This headphones is fantastic, best purchase ever.",positive
"This watch is awesome, best purchase ever.",positive
"I would never buy this watch again, it is dreadful.",negative
"I am impressed, the headphones is fantastic and reliable.",positive
"Awful phone, delivery was late and it is dreadful.",negative
"Top quality watch, genuinely awesome experience.",positive
Great value! This headphones is outstanding for the price.,positive
The battery and screen of this watch are excellent.,positive
"Very unhappy with this phone, it feels broken.",negative
The battery and screen of this headphones are perfect.,positive
"I hate this phone, it is useless.",negative
"Top quality laptop, genuinely outstanding experience.",positive
"This headphones exceeded my expectations, truly fantastic.",positive
The laptop looks poor and performs even worse.,negative
Terrible phone! The quality is disappointing.,negative
"Fantastic watch, delivery was fast and it is superb.",positive
"Very unhappy with this phone, it feels bad.",negative
"This laptop is bad, total waste of money.",negative
"I would buy this headphones again, it is amazing.",positive
"Very unhappy with this phone, it feels bad.",negative
Great value! This watch is wonderful for the price.,positive
My watch is worst and broke in a week.,negative
"This headphones did not meet expectations, truly useless.",negative
"This phone did not meet expectations, truly awful.",negative
Excellent watch! The quality is fantastic.,positive
"This watch is horrible, do not buy it.",negative
"This watch exceeded my expectations, truly wonderful.",positive
"This phone did not meet expectations, truly awful.",negative
"This phone did not meet expectations, truly terrible.",negative
"Horrible phone, it failed worst out of the box.",negative
"Fantastic phone, delivery was fast and it is great.",positive
"Top quality phone, genuinely excellent experience.",positive
"I am disappointed, the laptop is horrible and slow.",negative
Excellent headphones! The quality is superb.,positive
"Laggy and worst, this phone always disappoints.",negative
The laptop looks brilliant and performs even better.,positive
"This phone is poor, do not buy it.",negative
"Fantastic phone, delivery was fast and it is fantastic.",positive
"I am impressed, the watch is great and reliable.",positive
The battery and screen of this headphones are excellent.,positive
Terrible phone! The quality is bad.,negative
"The phone is disappointing, I regret buying it.",negative
"Horrible phone, it failed broken out of the box.",negative
"I would buy this laptop again, it is fantastic.",positive
"The watch works outstanding, highly recommended.",positive
"This laptop is fantastic, my friends all want one.",positive
"Top quality phone, genuinely wonderful experience.",positive
"The phone works wonderful, highly recommended.",positive
The watch looks disappointing and performs even worse.,negative
"This headphones is broken, one star from me.",negative
"I would never buy this laptop again, it is horrible.",negative
The watch looks useless and performs even worse.,negative
"Top quality laptop, genuinely perfect experience.",positive
"Smooth and excellent, this watch never disappoints.",positive
"Low quality laptop, genuinely dreadful experience.",negative
Excellent phone! The quality is fantastic.,positive
"Very unhappy with this headphones, it feels broken.",negative
Excellent laptop! The quality is great.,positive
"Horrible watch, it failed poor out of the box.",negative
"The watch stopped working, very horrible.",negative
"The laptop stopped working, very broken.",negative
"This laptop is wonderful, five stars from me.",positive
"Laggy and broken, this laptop always disappoints.",negative
"This phone is disappointing, do not buy it.",negative
My phone is fantastic and worth every penny.,positive
"This headphones is brilliant, my friends all want one.",positive
"The watch is broken, I regret buying it.",negative
My laptop is great and worth every penny.,positive
My laptop is awful and broke in a week.,negative
"This phone is brilliant, five stars from me.",positive
"Awful watch, delivery was late and it is bad.",negative
The laptop looks fantastic and performs even better.,positive
"The headphones is perfect, I use it every day.",positive
"Low quality laptop, genuinely poor experience.",negative
The headphones looks dreadful and performs even worse.,negative
"I love my new headphones, it is superb!",positive
"This laptop is wonderful, five stars from me.",positive
"I am impressed, the watch is perfect and reliable.",positive
Excellent phone! The quality is fantastic.,positive
"Perfect headphones for my needs, absolutely great.",positive
"I love my new phone, it is fantastic!",positive
"The phone is awful, I regret buying it.",negative
"Fantastic headphones, delivery was fast and it is great.",positive
The battery and screen of this headphones are worst.,negative
Poor value! This phone is poor for the price.,negative
The battery and screen of this laptop are useless.,negative
"Smooth and brilliant, this phone never disappoints.",positive
"Wonderful watch, it works perfect out of the box.",positive
"Wonderful laptop, it works excellent out of the box.",positive
"I would never buy this phone again, it is disappointing.",negative
Terrible headphones! The quality is disappointing.,negative
Poor value! This phone is disappointing for the price.,negative
"Smooth and fantastic, this phone never disappoints.",positive
The battery and screen of this headphones are awesome.,positive
My phone is excellent and worth every penny.,positive
Poor value! This headphones is useless for the price.,negative
Excellent watch! The quality is awesome.,positive
"Useless phone for my needs, completely poor.",negative
"I love my new phone, it is excellent!",positive
"This headphones is wonderful, best purchase ever.",positive
"This phone is disappointing, do not buy it.",negative
"This phone did not meet expectations, truly bad.",negative
The headphones looks poor and performs even worse.,negative
"This headphones is broken, one star from me.",negative
"I hate this laptop, it is disappointing.",negative
"Top quality headphones, genuinely awesome experience.",positive
Great value! This headphones is brilliant for the price.,positive
"The laptop is wonderful, I use it every day.",positive
"The headphones is great, I use it every day.",positive
"Super happy with this watch, it feels fantastic.",positive
Great value! This phone is wonderful for the price.,positive
"Low quality watch, genuinely terrible experience.",negative
"Very unhappy with this laptop, it feels awful.",negative
The battery and screen of this watch are dreadful.,negative
"I am disappointed, the headphones is terrible and slow.",negative
The watch looks outstanding and performs even better.,positive
"The watch is useless, I regret buying it.",negative
Terrible laptop! The quality is horrible.,negative
The laptop looks superb and performs even better.,positive
